country3,year,taux d'imposition sur bénéfices,salaire horaire minimum en US$ PPA,indice protection de l'emploi,% des 25-64ans diplomes du superieur,IDE entrants en % PIB
ABW,2000,49.451,NA,NA,NA,NA
ABW,2001,49.45,NA,NA,NA,NA
ABW,2002,49.45,NA,NA,NA,NA
ABW,2003,35,NA,NA,NA,NA
ABW,2004,35,NA,NA,NA,NA
ABW,2005,35,NA,NA,NA,NA
ABW,2006,35,NA,NA,NA,NA
ABW,2007,28,NA,NA,NA,NA
ABW,2008,28,NA,NA,NA,NA
ABW,2009,28,NA,NA,NA,NA
ABW,2010,28,NA,NA,NA,NA
ABW,2011,28,NA,NA,NA,NA
ABW,2012,28,NA,NA,NA,NA
ABW,2013,28,NA,NA,NA,NA
ABW,2014,28,NA,NA,NA,NA
ABW,2015,28,NA,NA,NA,NA
ABW,2016,25,NA,NA,NA,NA
ABW,2017,25,NA,NA,NA,NA
ABW,2018,25,NA,NA,NA,NA
ABW,2019,25,NA,NA,NA,NA
ABW,2020,25,NA,NA,NA,NA
AGO,2000,35,NA,NA,NA,NA
AGO,2001,35,NA,NA,NA,NA
AGO,2002,35,NA,NA,NA,NA
AGO,2003,35,NA,NA,NA,NA
AGO,2004,35,NA,NA,NA,NA
AGO,2005,35,NA,NA,NA,NA
AGO,2006,35,NA,NA,NA,NA
AGO,2007,35,NA,NA,NA,NA
AGO,2008,35,NA,NA,NA,NA
AGO,2009,35,NA,NA,NA,NA
AGO,2010,35,NA,NA,NA,NA
AGO,2011,35,NA,NA,NA,NA
AGO,2012,35,NA,NA,NA,NA
AGO,2013,35,NA,NA,NA,NA
AGO,2014,30,NA,NA,NA,NA
AGO,2015,30,NA,NA,NA,NA
AGO,2016,30,NA,NA,NA,NA
AGO,2017,30,NA,NA,NA,NA
AGO,2018,30,NA,NA,NA,NA
AGO,2019,30,NA,NA,NA,NA
AGO,2020,30,NA,NA,NA,NA
AIA,2000,0,NA,NA,NA,NA
AIA,2001,0,NA,NA,NA,NA
AIA,2002,0,NA,NA,NA,NA
AIA,2003,0,NA,NA,NA,NA
AIA,2004,0,NA,NA,NA,NA
AIA,2005,0,NA,NA,NA,NA
AIA,2006,0,NA,NA,NA,NA
AIA,2007,0,NA,NA,NA,NA
AIA,2008,0,NA,NA,NA,NA
AIA,2009,0,NA,NA,NA,NA
AIA,2010,0,NA,NA,NA,NA
AIA,2011,0,NA,NA,NA,NA
AIA,2012,0,NA,NA,NA,NA
AIA,2013,0,NA,NA,NA,NA
AIA,2014,0,NA,NA,NA,NA
AIA,2015,0,NA,NA,NA,NA
AIA,2016,0,NA,NA,NA,NA
AIA,2017,0,NA,NA,NA,NA
AIA,2018,0,NA,NA,NA,NA
AIA,2019,0,NA,NA,NA,NA
AIA,2020,0,NA,NA,NA,NA
ALB,2000,30,NA,NA,NA,NA
ALB,2001,25,NA,NA,NA,NA
ALB,2002,25,NA,NA,NA,NA
ALB,2003,25,NA,NA,NA,NA
ALB,2004,25,NA,NA,NA,NA
ALB,2005,23,NA,NA,NA,NA
ALB,2006,20,NA,NA,NA,NA
ALB,2007,20,NA,NA,NA,NA
ALB,2008,10,NA,NA,NA,NA
ALB,2009,10,NA,NA,NA,NA
ALB,2010,10,NA,NA,NA,NA
ALB,2011,10,NA,NA,NA,NA
ALB,2012,10,NA,NA,NA,NA
ALB,2013,10,NA,NA,NA,NA
ALB,2014,15,NA,NA,NA,NA
ALB,2015,15,NA,2.423,NA,NA
ALB,2016,15,NA,NA,NA,NA
ALB,2017,15,NA,NA,NA,NA
ALB,2018,15,NA,NA,NA,NA
ALB,2019,15,NA,NA,NA,NA
ALB,2020,15,NA,NA,NA,NA
AND,2000,0,NA,NA,NA,NA
AND,2001,0,NA,NA,NA,NA
AND,2002,0,NA,NA,NA,NA
AND,2003,0,NA,NA,NA,NA
AND,2004,0,NA,NA,NA,NA
AND,2005,0,NA,NA,NA,NA
AND,2006,0,NA,NA,NA,NA
AND,2007,0,NA,NA,NA,NA
AND,2008,0,NA,NA,NA,NA
AND,2009,0,NA,NA,NA,NA
AND,2010,0,NA,NA,NA,NA
AND,2011,0,NA,NA,NA,NA
AND,2012,10,NA,NA,NA,NA
AND,2013,10,NA,NA,NA,NA
AND,2014,10,NA,NA,NA,NA
AND,2015,10,NA,NA,NA,NA
AND,2016,10,NA,NA,NA,NA
AND,2017,10,NA,NA,NA,NA
AND,2018,10,NA,NA,NA,NA
AND,2019,10,NA,NA,NA,NA
AND,2020,10,NA,NA,NA,NA
ARE,2000,0,NA,NA,NA,NA
ARE,2001,0,NA,NA,NA,NA
ARE,2002,0,NA,NA,NA,NA
ARE,2003,0,NA,NA,NA,NA
ARE,2004,0,NA,NA,NA,NA
ARE,2005,0,NA,NA,NA,NA
ARE,2006,0,NA,NA,NA,NA
ARE,2007,0,NA,NA,NA,NA
ARE,2008,0,NA,NA,NA,NA
ARE,2009,0,NA,NA,NA,NA
ARE,2010,0,NA,NA,NA,NA
ARE,2011,0,NA,NA,NA,NA
ARE,2012,0,NA,NA,NA,NA
ARE,2013,0,NA,NA,NA,NA
ARE,2014,0,NA,NA,NA,NA
ARE,2015,0,NA,NA,NA,NA
ARE,2016,0,NA,NA,NA,NA
ARE,2017,0,NA,NA,NA,NA
ARE,2018,0,NA,NA,NA,NA
ARE,2019,0,NA,NA,NA,NA
ARE,2020,0,NA,NA,NA,NA
ARG,2000,35,NA,NA,NA,NA
ARG,2001,35,NA,NA,NA,NA
ARG,2002,35,NA,NA,NA,NA
ARG,2003,35,NA,NA,NA,NA
ARG,2004,35,NA,NA,16.711861,NA
ARG,2005,35,NA,NA,17.471054,2.6244668835254
ARG,2006,35,NA,NA,17.830963,2.3624384302824
ARG,2007,35,NA,NA,NA,2.2340099490915
ARG,2008,35,NA,NA,18.973812,2.6598392126339
ARG,2009,35,NA,NA,19.518599,1.1943055330102
ARG,2010,35,NA,NA,NA,2.6572223774958
ARG,2011,35,NA,NA,20.237337,2.0446596770549
ARG,2012,35,NA,2.405,20.556124,2.6355554752938
ARG,2013,35,NA,2.405,21.056189,1.6014031686765
ARG,2014,35,NA,2.405,20.534544,0.89327830856568
ARG,2015,35,NA,NA,NA,1.8233734938825
ARG,2016,35,NA,NA,NA,0.5847489628852
ARG,2017,35,NA,NA,21.406715,1.7919620828274
ARG,2018,30,NA,NA,35.663551,2.2838327225737
ARG,2019,30,NA,NA,NA,1.4817747048626
ARG,2020,30,NA,NA,NA,NA
AUS,1998,NA,NA,1.833,NA,NA
AUS,1999,NA,NA,1.833,NA,NA
AUS,2000,34,NA,1.833,27.475746,NA
AUS,2001,30,10.8834311396918,1.833,28.977322,NA
AUS,2002,30,10.9894083688255,1.833,30.759785,NA
AUS,2003,30,11.1321253021172,1.833,31.314152,NA
AUS,2004,30,11.3293360728286,1.833,30.82308,NA
AUS,2005,30,11.4199675988909,1.833,31.691153,-3.7089522082619
AUS,2006,30,11.2469271991954,1.833,33.022213,3.2180400573187
AUS,2007,30,11.6174438581781,1.654,33.73671,4.2100708726505
AUS,2008,30,11.4126812609539,1.654,36.149986,4.4169159280536
AUS,2009,30,11.5614768518531,1.654,36.881355,3.1205274396366
AUS,2010,30,11.5083981274401,2.011,37.604309,2.8043841536722
AUS,2011,30,11.5962864026932,2.011,38.342072,3.8085650523433
AUS,2012,30,11.7538505388929,2.011,41.282364,3.7430117685241
AUS,2013,30,11.7862043095741,2.011,39.539928,3.6464541388654
AUS,2014,30,11.8201305724836,2.011,41.901855,3.9950026839189
AUS,2015,30,11.9667792844623,2.011,42.888756,2.3711866493979
AUS,2016,30,12.1064461280215,2.011,43.7439,3.6834230921994
AUS,2017,30,12.2143303567442,2.011,45.355675,3.195102973974
AUS,2018,30,12.3914108961555,2.011,45.727478,4.6761638507649
AUS,2019,30,12.5881531128321,2.011,47.129978,2.8412887736735
AUS,2020,30,NA,NA,NA,NA
AUT,1998,NA,NA,2.833,NA,NA
AUT,1999,NA,NA,2.833,NA,NA
AUT,2000,34,NA,2.833,NA,NA
AUT,2001,34,NA,2.833,NA,NA
AUT,2002,34,NA,2.833,NA,NA
AUT,2003,34,NA,2.561,NA,NA
AUT,2004,34,NA,2.561,24.783438,NA
AUT,2005,25,NA,2.561,24.639351,3.4097239869177
AUT,2006,25,NA,2.561,25.356432,1.4534495511679
AUT,2007,25,NA,2.561,25.092672,6.5501212478023
AUT,2008,25,NA,2.561,26.191858,1.6790542906795
AUT,2009,25,NA,2.561,26.895824,2.3389797750309
AUT,2010,25,NA,2.561,27.743721,0.6955518770353
AUT,2011,25,NA,2.561,27.956152,2.5063484390984
AUT,2012,25,NA,2.561,28.739943,0.9776631890938
AUT,2013,25,NA,2.561,29.738844,1.3512809600242
AUT,2014,25,NA,2.561,29.904896,1.0846098711667
AUT,2015,25,NA,2.561,30.550726,0.33890238068123
AUT,2016,25,NA,2.561,31.383963,-2.1241602645959
AUT,2017,25,NA,2.561,32.39439,3.5681534458524
AUT,2018,25,NA,2.561,32.711426,1.1874528003042
AUT,2019,25,NA,2.561,33.773777,0.18961961931422
AUT,2020,25,NA,NA,NA,NA
BEL,1998,NA,NA,2.563,NA,NA
BEL,1999,NA,NA,2.563,NA,NA
BEL,2000,40.17,NA,2.563,27.084993,NA
BEL,2001,40.17,10.9048291443177,2.597,27.626753,NA
BEL,2002,40.17,11.0504314981577,2.597,28.134819,NA
BEL,2003,33.99,10.987021119171,2.597,29.031809,NA
BEL,2004,33.99,10.8675922557496,2.597,30.40086,NA
BEL,2005,33.99,10.7847357569747,2.597,31.045088,8.9058626801606
BEL,2006,35.97,10.8051059807658,2.597,31.754845,14.433350520396
BEL,2007,33.99,10.9298271347272,2.597,32.094864,19.843686083687
BEL,2008,33.99,10.8857079140411,2.597,32.310043,-2.673430914873
BEL,2009,33.99,11.4250783087673,2.597,33.397053,13.004879018587
BEL,2010,33.99,11.1803079165211,2.733,34.989502,27.544290974889
BEL,2011,33.99,11.1249893139133,2.733,34.612984,46.1906114413
BEL,2012,33.99,11.0342470180917,2.597,35.316551,-5.3175207519744
BEL,2013,33.99,11.2406097421716,2.597,35.535332,-13.035752128449
BEL,2014,33.99,11.202520853861,2.631,36.855022,-7.6937260873038
BEL,2015,33.99,11.1399777710401,2.869,36.857422,-15.264558608522
BEL,2016,33.99,11.0341872080656,2.869,37.503956,12.427973505798
BEL,2017,33.99,11.0210183129047,2.869,40.257053,-0.14007261796995
BEL,2018,29.58,10.9060765159588,2.869,40.638546,5.6757267978851
BEL,2019,29.58,10.966269607464,2.869,40.67009,0.54491919747703
BEL,2020,25,NA,NA,NA,NA
BFA,2000,35,NA,NA,NA,NA
BFA,2001,35,NA,NA,NA,NA
BFA,2002,35,NA,NA,NA,NA
BFA,2003,35,NA,NA,NA,NA
BFA,2004,35,NA,NA,NA,NA
BFA,2005,35,NA,NA,NA,NA
BFA,2006,35,NA,NA,NA,NA
BFA,2007,35,NA,NA,NA,NA
BFA,2008,30,NA,NA,NA,NA
BFA,2009,30,NA,NA,NA,NA
BFA,2010,27.5,NA,NA,NA,NA
BFA,2011,27.5,NA,NA,NA,NA
BFA,2012,27.5,NA,NA,NA,NA
BFA,2013,27.5,NA,NA,NA,NA
BFA,2014,27.5,NA,NA,NA,NA
BFA,2015,27.5,NA,NA,NA,NA
BFA,2016,27.5,NA,NA,NA,NA
BFA,2017,27.5,NA,NA,NA,NA
BFA,2018,27.5,NA,NA,NA,NA
BFA,2019,27.5,NA,NA,NA,NA
BFA,2020,27.5,NA,NA,NA,NA
BGR,2000,32.5,NA,NA,NA,NA
BGR,2001,28,NA,NA,NA,NA
BGR,2002,23.5,NA,NA,NA,NA
BGR,2003,23.5,NA,NA,NA,NA
BGR,2004,19.5,NA,NA,NA,NA
BGR,2005,15,NA,NA,NA,NA
BGR,2006,15,NA,NA,NA,NA
BGR,2007,10,NA,NA,NA,NA
BGR,2008,10,NA,NA,NA,NA
BGR,2009,10,NA,NA,NA,NA
BGR,2010,10,NA,NA,NA,NA
BGR,2011,10,NA,NA,NA,NA
BGR,2012,10,NA,NA,NA,NA
BGR,2013,10,NA,NA,NA,NA
BGR,2014,10,NA,NA,NA,NA
BGR,2015,10,NA,NA,NA,NA
BGR,2016,10,NA,NA,NA,NA
BGR,2017,10,NA,NA,NA,NA
BGR,2018,10,NA,NA,NA,NA
BGR,2019,10,NA,NA,NA,NA
BGR,2020,10,NA,NA,NA,NA
BHR,2000,0,NA,NA,NA,NA
BHR,2001,0,NA,NA,NA,NA
BHR,2002,0,NA,NA,NA,NA
BHR,2003,0,NA,NA,NA,NA
BHR,2004,0,NA,NA,NA,NA
BHR,2005,0,NA,NA,NA,NA
BHR,2006,0,NA,NA,NA,NA
BHR,2007,0,NA,NA,NA,NA
BHR,2008,0,NA,NA,NA,NA
BHR,2009,0,NA,NA,NA,NA
BHR,2010,0,NA,NA,NA,NA
BHR,2011,0,NA,NA,NA,NA
BHR,2012,0,NA,NA,NA,NA
BHR,2013,0,NA,NA,NA,NA
BHR,2014,0,NA,NA,NA,NA
BHR,2015,0,NA,NA,NA,NA
BHR,2016,0,NA,NA,NA,NA
BHR,2017,0,NA,NA,NA,NA
BHR,2018,0,NA,NA,NA,NA
BHR,2019,0,NA,NA,NA,NA
BHR,2020,0,NA,NA,NA,NA
BHS,2000,0,NA,NA,NA,NA
BHS,2001,0,NA,NA,NA,NA
BHS,2002,0,NA,NA,NA,NA
BHS,2003,0,NA,NA,NA,NA
BHS,2004,0,NA,NA,NA,NA
BHS,2005,0,NA,NA,NA,NA
BHS,2006,0,NA,NA,NA,NA
BHS,2007,0,NA,NA,NA,NA
BHS,2008,0,NA,NA,NA,NA
BHS,2009,0,NA,NA,NA,NA
BHS,2010,0,NA,NA,NA,NA
BHS,2011,0,NA,NA,NA,NA
BHS,2012,0,NA,NA,NA,NA
BHS,2013,0,NA,NA,NA,NA
BHS,2014,0,NA,1.383,NA,NA
BHS,2015,0,NA,NA,NA,NA
BHS,2016,0,NA,NA,NA,NA
BHS,2017,0,NA,NA,NA,NA
BHS,2018,0,NA,NA,NA,NA
BHS,2019,0,NA,NA,NA,NA
BHS,2020,0,NA,NA,NA,NA
BIH,2000,30,NA,NA,NA,NA
BIH,2001,30,NA,NA,NA,NA
BIH,2002,30,NA,NA,NA,NA
BIH,2003,30,NA,NA,NA,NA
BIH,2004,30,NA,NA,NA,NA
BIH,2005,30,NA,NA,NA,NA
BIH,2006,30,NA,NA,NA,NA
BIH,2007,30,NA,NA,NA,NA
BIH,2008,10,NA,NA,NA,NA
BIH,2009,10,NA,NA,NA,NA
BIH,2010,10,NA,NA,NA,NA
BIH,2011,10,NA,NA,NA,NA
BIH,2012,10,NA,NA,NA,NA
BIH,2013,10,NA,NA,NA,NA
BIH,2014,10,NA,NA,NA,NA
BIH,2015,10,NA,2.534,NA,NA
BIH,2016,10,NA,NA,NA,NA
BIH,2017,10,NA,NA,NA,NA
BIH,2018,10,NA,NA,NA,NA
BIH,2019,10,NA,NA,NA,NA
BIH,2020,10,NA,NA,NA,NA
BLZ,2000,25,NA,NA,NA,NA
BLZ,2001,25,NA,NA,NA,NA
BLZ,2002,25,NA,NA,NA,NA
BLZ,2003,25,NA,NA,NA,NA
BLZ,2004,25,NA,NA,NA,NA
BLZ,2005,25,NA,NA,NA,NA
BLZ,2006,25,NA,NA,NA,NA
BLZ,2007,25,NA,NA,NA,NA
BLZ,2008,25,NA,NA,NA,NA
BLZ,2009,25,NA,NA,NA,NA
BLZ,2010,25,NA,NA,NA,NA
BLZ,2011,25,NA,NA,NA,NA
BLZ,2012,25,NA,NA,NA,NA
BLZ,2013,25,NA,NA,NA,NA
BLZ,2014,25,NA,NA,NA,NA
BLZ,2015,25,NA,NA,NA,NA
BLZ,2016,25,NA,NA,NA,NA
BLZ,2017,25,NA,NA,NA,NA
BLZ,2018,25,NA,NA,NA,NA
BLZ,2019,25,NA,NA,NA,NA
BLZ,2020,25,NA,NA,NA,NA
BMU,2000,0,NA,NA,NA,NA
BMU,2001,0,NA,NA,NA,NA
BMU,2002,0,NA,NA,NA,NA
BMU,2003,0,NA,NA,NA,NA
BMU,2004,0,NA,NA,NA,NA
BMU,2005,0,NA,NA,NA,NA
BMU,2006,0,NA,NA,NA,NA
BMU,2007,0,NA,NA,NA,NA
BMU,2008,0,NA,NA,NA,NA
BMU,2009,0,NA,NA,NA,NA
BMU,2010,0,NA,NA,NA,NA
BMU,2011,0,NA,NA,NA,NA
BMU,2012,0,NA,NA,NA,NA
BMU,2013,0,NA,NA,NA,NA
BMU,2014,0,NA,NA,NA,NA
BMU,2015,0,NA,NA,NA,NA
BMU,2016,0,NA,NA,NA,NA
BMU,2017,0,NA,NA,NA,NA
BMU,2018,0,NA,NA,NA,NA
BMU,2019,0,NA,NA,NA,NA
BMU,2020,0,NA,NA,NA,NA
BOL,2014,NA,NA,1.887,NA,NA
BRA,2000,37,NA,NA,NA,NA
BRA,2001,34,1.09287355680704,NA,NA,NA
BRA,2002,34,1.13751271170817,NA,NA,NA
BRA,2003,34,1.16957904273078,NA,NA,NA
BRA,2004,34,1.20850469727504,NA,NA,NA
BRA,2005,34,1.27961485465968,NA,NA,1.6897398612491
BRA,2006,34,1.44602774677424,NA,NA,1.6993277566296
BRA,2007,34,1.53991371749287,NA,9.6238279,2.4754525113042
BRA,2008,34,1.60060190884605,1.023,10.795494,2.6569574448246
BRA,2009,34,1.71870373676601,1.023,10.863071,1.5566069222829
BRA,2010,34,1.81083075831363,1.451,NA,3.517091101245
BRA,2011,34,1.81189883053318,1.451,11.614742,3.7238514827534
BRA,2012,34,1.9648860327453,1.519,12.993286,3.3286908871941
BRA,2013,34,2.01666857198966,NA,13.746482,2.3895535844842
BRA,2014,34,2.0253100096178702,NA,14.321353,2.599541852618
BRA,2015,34,2.0217783543217,NA,14.794608,2.7722247433543
BRA,2016,34,2.07636686269619,NA,16.941195,2.9915228345423
BRA,2017,34,2.13720281882145,NA,17.228626,3.2278313019099
BRA,2018,34,2.099051032375,NA,18.429998,3.2017255690769
BRA,2019,34,2.11684142359593,NA,NA,3.540080778768
BRA,2020,34,NA,NA,NA,NA
BRB,2000,40,NA,NA,NA,NA
BRB,2001,40,NA,NA,NA,NA
BRB,2002,37.5,NA,NA,NA,NA
BRB,2003,36,NA,NA,NA,NA
BRB,2004,33,NA,NA,NA,NA
BRB,2005,30,NA,NA,NA,NA
BRB,2006,25,NA,NA,NA,NA
BRB,2007,25,NA,NA,NA,NA
BRB,2008,25,NA,NA,NA,NA
BRB,2009,25,NA,NA,NA,NA
BRB,2010,25,NA,NA,NA,NA
BRB,2011,25,NA,NA,NA,NA
BRB,2012,25,NA,NA,NA,NA
BRB,2013,25,NA,NA,NA,NA
BRB,2014,25,NA,1.709,NA,NA
BRB,2015,25,NA,NA,NA,NA
BRB,2016,25,NA,NA,NA,NA
BRB,2017,25,NA,NA,NA,NA
BRB,2018,25,NA,NA,NA,NA
BRB,2019,5.5,NA,NA,NA,NA
BRB,2020,5.5,NA,NA,NA,NA
BRN,2000,30,NA,NA,NA,NA
BRN,2001,30,NA,NA,NA,NA
BRN,2002,30,NA,NA,NA,NA
BRN,2003,30,NA,NA,NA,NA
BRN,2004,30,NA,NA,NA,NA
BRN,2005,30,NA,NA,NA,NA
BRN,2006,30,NA,NA,NA,NA
BRN,2007,30,NA,NA,NA,NA
BRN,2008,27.5,NA,NA,NA,NA
BRN,2009,25.5,NA,NA,NA,NA
BRN,2010,23.5,NA,NA,NA,NA
BRN,2011,22,NA,NA,NA,NA
BRN,2012,20,NA,NA,NA,NA
BRN,2013,20,NA,NA,NA,NA
BRN,2014,20,NA,NA,NA,NA
BRN,2015,18.5,NA,NA,NA,NA
BRN,2016,18.5,NA,NA,NA,NA
BRN,2017,18.5,NA,NA,NA,NA
BRN,2018,18.5,NA,NA,NA,NA
BRN,2019,18.5,NA,NA,NA,NA
BRN,2020,18.5,NA,NA,NA,NA
BWA,2000,25,NA,NA,NA,NA
BWA,2001,25,NA,NA,NA,NA
BWA,2002,25,NA,NA,NA,NA
BWA,2003,25,NA,NA,NA,NA
BWA,2004,25,NA,NA,NA,NA
BWA,2005,25,NA,NA,NA,NA
BWA,2006,25,NA,NA,NA,NA
BWA,2007,25,NA,NA,NA,NA
BWA,2008,25,NA,NA,NA,NA
BWA,2009,25,NA,NA,NA,NA
BWA,2010,25,NA,NA,NA,NA
BWA,2011,25,NA,NA,NA,NA
BWA,2012,22,NA,NA,NA,NA
BWA,2013,22,NA,NA,NA,NA
BWA,2014,22,NA,NA,NA,NA
BWA,2015,22,NA,NA,NA,NA
BWA,2016,22,NA,NA,NA,NA
BWA,2017,22,NA,NA,NA,NA
BWA,2018,22,NA,NA,NA,NA
BWA,2019,22,NA,NA,NA,NA
BWA,2020,22,NA,NA,NA,NA
CAN,1998,NA,NA,1.314,NA,NA
CAN,1999,NA,NA,1.314,NA,NA
CAN,2000,42.43,NA,1.314,40.105782,NA
CAN,2001,40.48,7.22073223985072,1.314,41.881519,NA
CAN,2002,38.02,7.14482633390644,1.314,42.873188,NA
CAN,2003,35.87,7.04450994675144,1.314,44.123833,NA
CAN,2004,34.38,7.05577920456896,1.314,44.548969,NA
CAN,2005,34.18,7.11778090636853,1.314,45.976749,2.1894093555477
CAN,2006,33.93,7.27481384014251,1.314,46.881516,4.5702603380013
CAN,2007,33.95,7.34742856716248,1.314,48.181564,7.9521498997655
CAN,2008,31.4,7.64419810681044,1.314,48.706802,3.9617267407199
CAN,2009,30.9,8.09599914711763,1.314,49.290722,1.6515316565717
CAN,2010,29.4,8.38512126195116,1.314,50.311695,1.755923112646
CAN,2011,27.7,8.40927319057468,1.314,51.033012,2.2118967025914
CAN,2012,26.1,8.5669960959758,1.314,52.305416,2.3582915378169
CAN,2013,26.2,8.62342978379785,1.314,52.971439,3.7566935942762
CAN,2014,26.2,8.67906519459027,1.314,53.61496,3.2677751238596
CAN,2015,26.7,8.81355852851093,1.314,55.17366,2.8173818068667
CAN,2016,26.7,8.94976457277272,1.314,56.265068,2.3600750370237
CAN,2017,26.65,9.10539943006439,1.314,56.71452,1.3799596854765
CAN,2018,26.78,10.070215969649,1.314,57.888363,2.2277292085361
CAN,2019,26.62,10.2309962317367,1.314,59.374844,2.7546020605597
CAN,2020,26.47,NA,NA,NA,NA
CHE,1998,NA,NA,2.056,NA,NA
CHE,1999,NA,NA,2.056,NA,NA
CHE,2000,24.925,NA,2.056,24.177282,NA
CHE,2001,24.699,NA,2.056,25.401983,NA
CHE,2002,24.415,NA,2.056,25.385767,NA
CHE,2003,24.1,NA,2.056,26.875856,NA
CHE,2004,24.1,NA,2.056,28.088779,NA
CHE,2005,21.33,NA,2.056,28.763943,-0.23217356535791
CHE,2006,21.33,NA,2.056,29.851349,10.15076013551
CHE,2007,21.323,NA,2.056,31.327906,6.7604420980677
CHE,2008,21.174,NA,2.056,33.652287,2.7427702825674
CHE,2009,21.174,NA,2.056,35.020153,5.3455172473337
CHE,2010,21.174,NA,2.056,33.881504,4.9247710234426
CHE,2011,21.174,NA,2.056,34.000179,3.6960146197725
CHE,2012,21.174,NA,2.056,35.291126,4.3364220187811
CHE,2013,21.149,NA,2.056,37.407192,0.09382000756954
CHE,2014,21.149,NA,2.056,38.428497,1.3186748779947
CHE,2015,21.149,NA,2.056,39.782719,12.404031190246
CHE,2016,21.149,NA,2.056,41.235474,22.42061631286
CHE,2017,21.149,NA,2.056,42.594601,16.283818869853
CHE,2018,21.149,NA,2.056,43.744415,-9.6877454495088
CHE,2019,21.149,NA,2.056,44.412537,-11.247696693181
CHE,2020,21.149,NA,NA,NA,NA
CHL,2000,15,NA,NA,NA,NA
CHL,2001,15,1.8654065829815,NA,NA,NA
CHL,2002,16,1.9191542188788,NA,NA,NA
CHL,2003,16.5,1.94558428770686,NA,NA,NA
CHL,2004,17,1.99996395084692,NA,NA,NA
CHL,2005,17,2.03833127978471,NA,NA,6.0684033154203
CHL,2006,17,2.09094138015422,NA,NA,4.9008967103393
CHL,2007,17,2.12854980738623,NA,NA,7.7618285082313
CHL,2008,17,2.12631549717911,1.91,NA,10.283430333698
CHL,2009,17,2.26568497122919,1.91,17.120726,8.0370324178677
CHL,2010,17,2.32380985141966,1.91,NA,7.3305463224635
CHL,2011,20,2.36211141395381,1.91,17.813892,10.134706563278
CHL,2012,20,2.42918032252918,1.91,NA,11.852988555169
CHL,2013,20,2.54662767783267,1.91,21.089819,7.9099580715759
CHL,2014,21,2.6283744745423,1.91,NA,8.7484825572861
CHL,2015,22.5,2.69937684753221,1.91,22.475199,8.4076403673968
CHL,2016,24,2.84780496326402,1.91,NA,4.9053409743735
CHL,2017,25,2.93249986345851,1.91,25.168179,2.1986482268198
CHL,2018,25,3.002180957372,1.91,NA,2.463030783908
CHL,2019,25,3.12420680562372,1.91,NA,4.2939485275257
CHL,2020,25,NA,NA,NA,NA
CHN,2000,33,NA,NA,NA,NA
CHN,2001,33,NA,NA,NA,NA
CHN,2002,33,NA,NA,NA,NA
CHN,2003,33,NA,NA,NA,NA
CHN,2004,33,NA,NA,NA,NA
CHN,2005,33,NA,NA,NA,4.554263383823
CHN,2006,33,NA,NA,NA,4.5086001044504
CHN,2007,33,NA,NA,NA,4.4009839656192
CHN,2008,25,NA,2.969,NA,3.7336108612503
CHN,2009,25,NA,2.969,NA,2.5688946726363
CHN,2010,25,NA,2.969,9.6811743,4.0035441396595
CHN,2011,25,NA,2.969,NA,3.7088065666981
CHN,2012,25,NA,2.969,NA,2.82710499855
CHN,2013,25,NA,NA,NA,3.0398551843342
CHN,2014,25,NA,NA,NA,2.5592476704516
CHN,2015,25,NA,NA,NA,2.1921776748404
CHN,2016,25,NA,NA,NA,1.5556368785398
CHN,2017,25,NA,NA,NA,1.3491236341255
CHN,2018,25,NA,NA,NA,1.6938947486298
CHN,2019,25,NA,NA,NA,1.0863558320773
CHN,2020,25,NA,NA,NA,NA
CIV,2000,35,NA,NA,NA,NA
CIV,2001,35,NA,NA,NA,NA
CIV,2002,35,NA,NA,NA,NA
CIV,2003,35,NA,NA,NA,NA
CIV,2004,35,NA,NA,NA,NA
CIV,2005,35,NA,NA,NA,NA
CIV,2006,27,NA,NA,NA,NA
CIV,2007,27,NA,NA,NA,NA
CIV,2008,25,NA,NA,NA,NA
CIV,2009,25,NA,NA,NA,NA
CIV,2010,25,NA,NA,NA,NA
CIV,2011,25,NA,NA,NA,NA
CIV,2012,25,NA,NA,NA,NA
CIV,2013,25,NA,NA,NA,NA
CIV,2014,25,NA,NA,NA,NA
CIV,2015,25,NA,NA,NA,NA
CIV,2016,25,NA,NA,NA,NA
CIV,2017,25,NA,NA,NA,NA
CIV,2018,25,NA,NA,NA,NA
CIV,2019,25,NA,NA,NA,NA
CIV,2020,25,NA,NA,NA,NA
COD,2000,50,NA,NA,NA,NA
COD,2001,50,NA,NA,NA,NA
COD,2002,40,NA,NA,NA,NA
COD,2003,40,NA,NA,NA,NA
COD,2004,40,NA,NA,NA,NA
COD,2005,40,NA,NA,NA,NA
COD,2006,40,NA,NA,NA,NA
COD,2007,40,NA,NA,NA,NA
COD,2008,40,NA,NA,NA,NA
COD,2009,40,NA,NA,NA,NA
COD,2010,40,NA,NA,NA,NA
COD,2011,40,NA,NA,NA,NA
COD,2012,40,NA,NA,NA,NA
COD,2013,35,NA,NA,NA,NA
COD,2014,35,NA,NA,NA,NA
COD,2015,35,NA,NA,NA,NA
COD,2016,35,NA,NA,NA,NA
COD,2017,35,NA,NA,NA,NA
COD,2018,35,NA,NA,NA,NA
COD,2019,35,NA,NA,NA,NA
COD,2020,35,NA,NA,NA,NA
COL,2000,35,NA,NA,NA,NA
COL,2001,35,2.08491356158532,NA,NA,NA
COL,2002,35,2.11804481568756,NA,NA,NA
COL,2003,36.75,2.12422559678082,NA,NA,NA
COL,2004,38.5,2.16293986884504,NA,NA,NA
COL,2005,38.5,2.19408795450616,NA,NA,7.0288938623258
COL,2006,38.5,2.24991848393596,NA,NA,4.1768818902953
COL,2007,34,2.26598899897469,NA,NA,4.3096759945218
COL,2008,33,2.25352399309761,NA,NA,4.3619811944708
COL,2009,33,2.32855984671331,NA,NA,3.457327399646
COL,2010,33,2.35978456352883,NA,NA,2.2438307504749
COL,2011,33,2.37307401551777,NA,NA,4.3729839888083
COL,2012,33,2.43378245368861,NA,NA,4.0547593198991
COL,2013,34,2.48161912874779,NA,NA,4.2422735554618
COL,2014,34,2.52014693255096,2.242,22.356598,4.242506761462
COL,2015,39,2.51083444637975,2.242,21.562889,3.9947748260812
COL,2016,40,2.49882209018032,2.242,22.247128,4.896244227092
COL,2017,40,2.56321462845742,2.242,22.491623,4.4364922652739
COL,2018,37,2.62924940206931,2.242,23.391361,3.4580921282323
COL,2019,33,2.69209307049538,2.242,23.819326,4.4205057978146
COL,2020,32,NA,NA,NA,NA
CRI,2000,30,NA,NA,16.448679,NA
CRI,2001,30,2.86540629183495,NA,17.826429,NA
CRI,2002,30,2.82964890833888,NA,18.362774,NA
CRI,2003,30,2.85055223280659,NA,19.18364,NA
CRI,2004,30,2.81786021386323,NA,19.812418,NA
CRI,2005,30,2.83898019160067,NA,20.842731,NA
CRI,2006,30,2.86975478702839,NA,21.029402,NA
CRI,2007,30,2.89501810448594,NA,21.768053,NA
CRI,2008,30,2.95340593569803,NA,22.312418,NA
CRI,2009,30,2.98912482742164,NA,23.416771,NA
CRI,2010,30,3.09524495946836,NA,20.980572,NA
CRI,2011,30,3.1349036515498,NA,21.594719,NA
CRI,2012,30,3.18799444175481,NA,23.244442,NA
CRI,2013,30,3.21545524647489,NA,23.270735,NA
CRI,2014,30,3.20172606393715,1.023,23.535925,NA
CRI,2015,30,3.3927019879753,NA,23.136086,NA
CRI,2016,30,3.48849332513478,NA,22.998714,NA
CRI,2017,30,3.4326873273048,NA,22.989092,NA
CRI,2018,30,3.43969998132398,NA,22.601564,NA
CRI,2019,30,3.45929954785487,NA,25.066828,NA
CRI,2020,30,NA,NA,NA,NA
CUW,2000,30,NA,NA,NA,NA
CUW,2001,30,NA,NA,NA,NA
CUW,2002,30,NA,NA,NA,NA
CUW,2003,30,NA,NA,NA,NA
CUW,2004,30,NA,NA,NA,NA
CUW,2005,30,NA,NA,NA,NA
CUW,2006,30,NA,NA,NA,NA
CUW,2007,30,NA,NA,NA,NA
CUW,2008,30,NA,NA,NA,NA
CUW,2009,30,NA,NA,NA,NA
CUW,2010,30,NA,NA,NA,NA
CUW,2011,30,NA,NA,NA,NA
CUW,2012,27.5,NA,NA,NA,NA
CUW,2013,27.5,NA,NA,NA,NA
CUW,2014,27.5,NA,NA,NA,NA
CUW,2015,25,NA,NA,NA,NA
CUW,2016,22,NA,NA,NA,NA
CUW,2017,22,NA,NA,NA,NA
CUW,2018,22,NA,NA,NA,NA
CUW,2019,22,NA,NA,NA,NA
CUW,2020,22,NA,NA,NA,NA
CYM,2000,0,NA,NA,NA,NA
CYM,2001,0,NA,NA,NA,NA
CYM,2002,0,NA,NA,NA,NA
CYM,2003,0,NA,NA,NA,NA
CYM,2004,0,NA,NA,NA,NA
CYM,2005,0,NA,NA,NA,NA
CYM,2006,0,NA,NA,NA,NA
CYM,2007,0,NA,NA,NA,NA
CYM,2008,0,NA,NA,NA,NA
CYM,2009,0,NA,NA,NA,NA
CYM,2010,0,NA,NA,NA,NA
CYM,2011,0,NA,NA,NA,NA
CYM,2012,0,NA,NA,NA,NA
CYM,2013,0,NA,NA,NA,NA
CYM,2014,0,NA,NA,NA,NA
CYM,2015,0,NA,NA,NA,NA
CYM,2016,0,NA,NA,NA,NA
CYM,2017,0,NA,NA,NA,NA
CYM,2018,0,NA,NA,NA,NA
CYM,2019,0,NA,NA,NA,NA
CYM,2020,0,NA,NA,NA,NA
CZE,1998,NA,NA,3.206,NA,NA
CZE,1999,NA,NA,3.206,NA,NA
CZE,2000,31,NA,3.206,10.963162,NA
CZE,2001,31,3.07444033138461,3.206,11.131626,NA
CZE,2002,31,3.40924037882747,3.206,11.94141,NA
CZE,2003,31,3.70654194875681,3.206,12.005664,NA
CZE,2004,28,3.87091101767443,3.206,12.345678,NA
CZE,2005,26,4.07864244175333,3.206,13.058269,8.5517781160627
CZE,2006,24,4.34286986551955,3.206,13.522043,3.515407297079
CZE,2007,24,4.37709953842189,3.024,13.732669,5.5204673726564
CZE,2008,21,4.11541418627636,3.024,14.498895,2.7357251475915
CZE,2009,20,4.07388591585121,3.024,15.544437,1.4205129732729
CZE,2010,19,4.01475945837335,3.024,16.764982,2.9625486963387
CZE,2011,19,3.93923567812617,3.024,18.243177,1.0190510425209
CZE,2012,19,3.81385064462666,2.934,19.277992,3.8578405225116
CZE,2013,19,3.83793967414357,2.934,20.45986,1.7387598624888
CZE,2014,19,3.94162958434348,2.934,21.51013,2.642673743796
CZE,2015,19,4.27116650799911,2.934,22.186741,0.24900386859334
CZE,2016,19,4.52755350881323,2.934,22.971544,5.0307451252369
CZE,2017,19,4.96884214268754,2.934,23.927534,4.4082228966968
CZE,2018,19,5.39493381919044,2.934,24.262077,4.4234786665376
CZE,2019,19,5.80449888793684,2.934,24.212393,3.0225398752449
CZE,2020,19,NA,NA,NA,NA
DEU,1998,NA,NA,2.889,NA,NA
DEU,1999,NA,NA,2.889,NA,NA
DEU,2000,51.612,NA,2.889,23.498837,NA
DEU,2001,38.26,NA,2.889,23.222008,NA
DEU,2002,38.286,NA,2.889,23.427382,NA
DEU,2003,39.638,NA,2.889,23.982014,NA
DEU,2004,38.338,NA,2.889,24.931704,NA
DEU,2005,38.363,NA,2.889,24.552816,1.6657302725194
DEU,2006,38.415,NA,2.889,23.947578,1.8594813377381
DEU,2007,38.363,NA,2.889,24.299988,2.3420057066956
DEU,2008,29.405,NA,2.889,25.400061,0.21664787505157
DEU,2009,29.37,NA,2.889,26.385326,0.6978830277799
DEU,2010,29.487,NA,2.889,26.609148,1.9309638905276
DEU,2011,29.551,NA,2.889,27.562323,1.8022864552641
DEU,2012,29.58,NA,2.889,28.121572,0.79923693947181
DEU,2013,29.645,NA,2.889,28.47327,0.3420331884161
DEU,2014,29.707,NA,2.889,27.057884,-0.0822804383351
DEU,2015,29.78,11.5019373410158,2.889,27.638235,0.90823912219637
DEU,2016,29.819,11.4456534973466,2.889,28.291723,0.45019548948902
DEU,2017,29.889,11.7264689914379,2.889,28.58337,1.6428909558365
DEU,2018,29.897,11.5268053960492,2.889,29.065134,1.8615686405119
DEU,2019,29.897,11.8124152468846,2.889,29.900126,0.94163852091474
DEU,2020,29.897,NA,NA,NA,NA
DMA,2000,30,NA,NA,NA,NA
DMA,2001,30,NA,NA,NA,NA
DMA,2002,30,NA,NA,NA,NA
DMA,2003,30,NA,NA,NA,NA
DMA,2004,30,NA,NA,NA,NA
DMA,2005,30,NA,NA,NA,NA
DMA,2006,30,NA,NA,NA,NA
DMA,2007,30,NA,NA,NA,NA
DMA,2008,30,NA,NA,NA,NA
DMA,2009,30,NA,NA,NA,NA
DMA,2010,30,NA,NA,NA,NA
DMA,2011,30,NA,NA,NA,NA
DMA,2012,30,NA,NA,NA,NA
DMA,2013,30,NA,NA,NA,NA
DMA,2014,30,NA,NA,NA,NA
DMA,2015,28,NA,NA,NA,NA
DMA,2016,25,NA,NA,NA,NA
DMA,2017,25,NA,NA,NA,NA
DMA,2018,25,NA,NA,NA,NA
DMA,2019,25,NA,NA,NA,NA
DMA,2020,25,NA,NA,NA,NA
DNK,1998,NA,NA,2.084,NA,NA
DNK,1999,NA,NA,2.084,NA,NA
DNK,2000,32,NA,2.084,25.777601,NA
DNK,2001,30,NA,2.084,28.41186,NA
DNK,2002,30,NA,2.084,29.61084,NA
DNK,2003,30,NA,2.084,31.847263,NA
DNK,2004,30,NA,2.084,32.848095,NA
DNK,2005,28,NA,2.084,33.544121,3.257155872609
DNK,2006,28,NA,1.87,34.719662,3.2384175190493
DNK,2007,25,NA,1.87,30.903458,2.2645207817079
DNK,2008,25,NA,1.87,31.126369,-0.18903559881217
DNK,2009,25,NA,1.87,32.001427,0.44450992551347
DNK,2010,25,NA,1.87,33.002644,-2.850685691873
DNK,2011,25,NA,1.915,33.662952,3.3304150829458
DNK,2012,25,NA,1.915,34.639698,0.19674052982745
DNK,2013,25,NA,1.915,35.204632,0.30406357593488
DNK,2014,24.5,NA,1.915,35.800922,1.3257266383011
DNK,2015,23.5,NA,1.915,37.095581,1.1951281138459
DNK,2016,22,NA,1.915,37.766045,0.0750645130242
DNK,2017,22,NA,1.915,38.889214,1.1448234490941
DNK,2018,22,NA,1.915,39.44791,0.3369766765081
DNK,2019,22,NA,1.915,40.353836,1.0336919991404
DNK,2020,22,NA,NA,NA,NA
DOM,2014,NA,NA,1.363,NA,NA
ECU,2014,NA,NA,1.544,NA,NA
EGY,2000,42,NA,NA,NA,NA
EGY,2001,42,NA,NA,NA,NA
EGY,2002,42,NA,NA,NA,NA
EGY,2003,42,NA,NA,NA,NA
EGY,2004,42,NA,NA,NA,NA
EGY,2005,20,NA,NA,NA,NA
EGY,2006,20,NA,NA,NA,NA
EGY,2007,20,NA,NA,NA,NA
EGY,2008,20,NA,NA,NA,NA
EGY,2009,20,NA,NA,NA,NA
EGY,2010,20,NA,NA,NA,NA
EGY,2011,20,NA,NA,NA,NA
EGY,2012,25,NA,NA,NA,NA
EGY,2013,25,NA,NA,NA,NA
EGY,2014,27.5,NA,NA,NA,NA
EGY,2015,22.5,NA,NA,NA,NA
EGY,2016,22.5,NA,NA,NA,NA
EGY,2017,22.5,NA,NA,NA,NA
EGY,2018,22.5,NA,NA,NA,NA
EGY,2019,22.5,NA,NA,NA,NA
EGY,2020,22.5,NA,NA,NA,NA
ESP,1998,NA,NA,2.647,NA,NA
ESP,1999,NA,NA,2.647,NA,NA
ESP,2000,35,NA,2.647,22.704889,NA
ESP,2001,35,5.82963246628047,2.647,23.751223,NA
ESP,2002,35,5.77284901098645,2.647,24.921057,NA
ESP,2003,35,5.7157570109392,2.647,25.625629,NA
ESP,2004,35,5.65701230671178,2.647,26.748661,NA
ESP,2005,35,5.96857319433752,2.647,28.518797,2.3565094906086
ESP,2006,35,6.21072627297824,2.647,28.809401,2.5883845592978
ESP,2007,32.5,6.37523529786335,2.647,29.27644,4.8615775327263
ESP,2008,30,6.44545103827258,2.647,29.519304,4.806624478003
ESP,2009,30,6.72070525723016,2.647,29.989544,0.913966611356
ESP,2010,30,6.69641691545253,2.647,31.016668,2.8360189182092
ESP,2011,30,6.58062805843115,2.545,31.91456,2.1889283988658
ESP,2012,30,6.42350901599038,2.545,32.649994,1.8620140636591
ESP,2013,30,6.3636810883901,2.259,33.734821,2.0914376120799
ESP,2014,30,6.37329650080104,2.259,34.678776,1.6460721403428
ESP,2015,28,6.4349387393739,2.259,35.081161,0.71569502299706
ESP,2016,25,6.52212205076796,2.259,35.693489,2.5580236681299
ESP,2017,25,6.90584316668749,2.259,36.351273,3.190495449879
ESP,2018,25,7.06375423378897,2.259,37.252804,3.7656024767574
ESP,2019,25,8.57665814207433,2.319,38.596992,0.6107450870191
ESP,2020,25,NA,NA,NA,NA
EST,2000,26,NA,NA,28.669167,NA
EST,2001,26,1.75550645763822,NA,29.479181,NA
EST,2002,26,1.97445254586865,NA,29.358723,NA
EST,2003,26,2.29542367947242,NA,29.649635,NA
EST,2004,26,2.52107617166292,NA,30.712088,NA
EST,2005,24,2.63793533357616,NA,33.025089,19.846508864317
EST,2006,23,2.82767866460198,NA,33.118874,7.844080221293
EST,2007,22,3.20395129589241,NA,33.146008,10.301101364921
EST,2008,21,3.64577815792521,2.458,34.176804,7.5017678774718
EST,2009,21,3.64863899414527,2.458,36.065544,9.3128161649181
EST,2010,21,3.54332963853219,2.113,35.423084,7.6645855104496
EST,2011,21,3.24392437484943,2.113,36.889767,4.2930019986282
EST,2012,21,3.24744637874294,2.113,37.605877,6.7504801276723
EST,2013,21,3.33512470323297,2.113,37.345535,3.0488432842279
EST,2014,21,3.74282427436063,2.113,37.499954,2.5501213693573
EST,2015,20,4.13217890972128,2.113,38.030697,0.15398657416898
EST,2016,20,4.47869744715065,2.113,38.756851,4.3597790509223
EST,2017,20,4.73990765122288,2.113,39.663879,7.1916096294658
EST,2018,20,4.89562837997634,2.113,41.130722,4.8866076269883
EST,2019,20,5.1734224687701,2.113,41.368298,9.8224980407494
EST,2020,20,NA,NA,NA,NA
FIN,1998,NA,NA,2.125,NA,NA
FIN,1999,NA,NA,2.125,NA,NA
FIN,2000,29,NA,2.125,32.614372,NA
FIN,2001,29,NA,2.125,NA,NA
FIN,2002,29,NA,2.023,NA,NA
FIN,2003,29,NA,2.023,33.177582,NA
FIN,2004,29,NA,2.023,34.184566,NA
FIN,2005,26,NA,2.023,34.629433,2.3178524465845
FIN,2006,26,NA,2.023,35.141739,3.5263498610684
FIN,2007,26,NA,2.023,36.357056,4.8567897881594
FIN,2008,26,NA,1.952,36.583557,-0.39349137793259
FIN,2009,26,NA,1.952,37.268574,0.28333812793144
FIN,2010,26,NA,1.952,38.146343,2.9503702716018
FIN,2011,26,NA,1.952,39.318207,0.92590310332502
FIN,2012,24.5,NA,1.952,39.661289,1.6088603443523
FIN,2013,24.5,NA,1.952,40.545231,-0.0391356316695
FIN,2014,20,NA,1.952,41.776676,6.7477910098955
FIN,2015,20,NA,1.952,42.742619,0.89910380284227
FIN,2016,20,NA,1.952,43.595264,3.5608391409716
FIN,2017,20,NA,1.892,44.304253,1.119617686425
FIN,2018,20,NA,1.892,45.188133,-0.78611671464271
FIN,2019,20,NA,1.892,45.93438,5.0539698252449
FIN,2020,20,NA,NA,NA,NA
FRA,1998,NA,NA,2.69,NA,NA
FRA,1999,NA,NA,2.735,NA,NA
FRA,2000,37.763,NA,2.735,21.58481,NA
FRA,2001,36.43,10.0895982059643,2.735,23.020861,NA
FRA,2002,35.43,10.217059943655,2.735,23.98011,NA
FRA,2003,35.43,10.3925217768205,2.826,23.917387,NA
FRA,2004,35.43,10.7406337215536,2.826,24.383652,NA
FRA,2005,34.95,11.1554771983097,2.826,25.425774,1.5115942622904
FRA,2006,34.43,11.4346873805887,2.826,26.183411,1.0919737446852
FRA,2007,34.43,11.5573503482281,2.826,26.646099,2.3871060488446
FRA,2008,34.43,11.5773111130995,2.735,27.233906,1.2804339195537
FRA,2009,34.43,11.7821292250653,2.676,28.588057,1.1379713604611
FRA,2010,34.43,11.6970747384896,2.676,29.006897,0.5251393739858
FRA,2011,36.096,11.6884376582752,2.676,29.767,1.1053752327024
FRA,2012,36.096,11.832990258449,2.676,30.856123,0.59875303290753
FRA,2013,37.996,11.882875764424,2.676,32.105263,1.2185554549095
FRA,2014,37.996,11.948219035979,2.676,33.539047,0.09346881794901
FRA,2015,37.996,12.0440006487497,2.676,34.085361,1.8594143579201
FRA,2016,34.43,12.0970192694576,2.676,34.582485,0.93227228775482
FRA,2017,44.429,12.084857962402,2.676,35.213791,0.95486249335565
FRA,2018,34.43,12.0111383218917,2.721,36.897491,1.3688443033506
FRA,2019,34.43,12.0598398914975,2.721,37.904724,1.2507383738455
FRA,2020,32.02,NA,NA,NA,NA
FRO,2000,20,NA,NA,NA,NA
FRO,2001,20,NA,NA,NA,NA
FRO,2002,20,NA,NA,NA,NA
FRO,2003,20,NA,NA,NA,NA
FRO,2004,20,NA,NA,NA,NA
FRO,2005,20,NA,NA,NA,NA
FRO,2006,18,NA,NA,NA,NA
FRO,2007,18,NA,NA,NA,NA
FRO,2008,18,NA,NA,NA,NA
FRO,2009,18,NA,NA,NA,NA
FRO,2010,18,NA,NA,NA,NA
FRO,2011,18,NA,NA,NA,NA
FRO,2012,18,NA,NA,NA,NA
FRO,2013,18,NA,NA,NA,NA
FRO,2014,18,NA,NA,NA,NA
FRO,2015,18,NA,NA,NA,NA
FRO,2016,18,NA,NA,NA,NA
FRO,2017,18,NA,NA,NA,NA
FRO,2018,18,NA,NA,NA,NA
FRO,2019,18,NA,NA,NA,NA
FRO,2020,18,NA,NA,NA,NA
GAB,2000,35,NA,NA,NA,NA
GAB,2001,35,NA,NA,NA,NA
GAB,2002,35,NA,NA,NA,NA
GAB,2003,35,NA,NA,NA,NA
GAB,2004,35,NA,NA,NA,NA
GAB,2005,35,NA,NA,NA,NA
GAB,2006,35,NA,NA,NA,NA
GAB,2007,35,NA,NA,NA,NA
GAB,2008,35,NA,NA,NA,NA
GAB,2009,35,NA,NA,NA,NA
GAB,2010,35,NA,NA,NA,NA
GAB,2011,35,NA,NA,NA,NA
GAB,2012,35,NA,NA,NA,NA
GAB,2013,35,NA,NA,NA,NA
GAB,2014,30,NA,NA,NA,NA
GAB,2015,30,NA,NA,NA,NA
GAB,2016,30,NA,NA,NA,NA
GAB,2017,30,NA,NA,NA,NA
GAB,2018,30,NA,NA,NA,NA
GAB,2019,30,NA,NA,NA,NA
GAB,2020,30,NA,NA,NA,NA
GBR,1998,NA,NA,1.639,NA,NA
GBR,1999,NA,NA,1.639,NA,NA
GBR,2000,30,NA,1.758,25.683083,NA
GBR,2001,30,7.08050718154839,1.758,26.126522,NA
GBR,2002,30,7.58357123555828,1.758,26.840527,NA
GBR,2003,30,7.75653941186517,1.758,27.998173,NA
GBR,2004,30,8.20073327717058,1.758,29.338522,NA
GBR,2005,30,8.57818041609174,1.758,29.709032,7.2042740534497
GBR,2006,30,8.76017049451767,1.758,34.191841,5.4313191732101
GBR,2007,30,8.99421701730435,1.758,35.536041,5.703347462954
GBR,2008,28,8.98188577693049,1.758,35.216167,3.140710246055
GBR,2009,28,9.09281945849106,1.758,36.984959,3.7246695869519
GBR,2010,28,8.99421701730435,1.758,38.187191,2.350491786348
GBR,2011,26,8.86580307970298,1.758,39.412373,1.5867427949302
GBR,2012,24,8.84686857563828,1.758,40.977753,2.056499073558
GBR,2013,23,8.80437425856102,1.639,41.891979,1.8547104928295
GBR,2014,21,8.87600167863222,1.568,42.217449,0.8063068451205
GBR,2015,20,9.10460058978945,1.568,44.197987,1.3381415724928
GBR,2016,20,9.9090203682993,1.568,45.766762,9.59696815371
GBR,2017,19,9.96893253295641,1.568,45.744305,3.6155092906872
GBR,2018,19,10.1628481306162,1.568,45.781677,2.2819993177188
GBR,2019,19,10.4702455478891,1.568,47.189125,1.6063500256395
GBR,2020,19,NA,NA,NA,NA
GEO,2000,20,NA,NA,NA,NA
GEO,2001,20,NA,NA,NA,NA
GEO,2002,20,NA,NA,NA,NA
GEO,2003,20,NA,NA,NA,NA
GEO,2004,20,NA,NA,NA,NA
GEO,2005,20,NA,NA,NA,NA
GEO,2006,20,NA,NA,NA,NA
GEO,2007,20,NA,NA,NA,NA
GEO,2008,15,NA,NA,NA,NA
GEO,2009,15,NA,NA,NA,NA
GEO,2010,15,NA,NA,NA,NA
GEO,2011,15,NA,NA,NA,NA
GEO,2012,15,NA,NA,NA,NA
GEO,2013,15,NA,NA,NA,NA
GEO,2014,15,NA,NA,NA,NA
GEO,2015,15,NA,NA,NA,NA
GEO,2016,15,NA,NA,NA,NA
GEO,2017,15,NA,NA,NA,NA
GEO,2018,15,NA,NA,NA,NA
GEO,2019,15,NA,NA,NA,NA
GEO,2020,15,NA,NA,NA,NA
GGY,2000,20,NA,NA,NA,NA
GGY,2001,20,NA,NA,NA,NA
GGY,2002,20,NA,NA,NA,NA
GGY,2003,20,NA,NA,NA,NA
GGY,2004,20,NA,NA,NA,NA
GGY,2005,20,NA,NA,NA,NA
GGY,2006,20,NA,NA,NA,NA
GGY,2007,20,NA,NA,NA,NA
GGY,2008,0,NA,NA,NA,NA
GGY,2009,0,NA,NA,NA,NA
GGY,2010,0,NA,NA,NA,NA
GGY,2011,0,NA,NA,NA,NA
GGY,2012,0,NA,NA,NA,NA
GGY,2013,0,NA,NA,NA,NA
GGY,2014,0,NA,NA,NA,NA
GGY,2015,0,NA,NA,NA,NA
GGY,2016,0,NA,NA,NA,NA
GGY,2017,0,NA,NA,NA,NA
GGY,2018,0,NA,NA,NA,NA
GGY,2019,0,NA,NA,NA,NA
GGY,2020,0,NA,NA,NA,NA
GRC,1998,NA,NA,3.06,NA,NA
GRC,1999,NA,NA,3.06,NA,NA
GRC,2000,40,NA,3.06,17.672335,NA
GRC,2001,37.5,5.69482296793748,3.06,18.067701,NA
GRC,2002,35,5.78790534621781,3.06,18.793383,NA
GRC,2003,35,5.87559981760804,3.06,19.299871,NA
GRC,2004,35,6.00182904749701,3.06,21.286716,NA
GRC,2005,32,6.11836353769743,3.06,21.472097,0.25136290983607
GRC,2006,29,6.29599304131996,3.06,22.428827,1.9587610623547
GRC,2007,25,6.44664786144414,3.06,22.893152,0.6622004549485
GRC,2008,25,6.57498457481284,3.06,23.535585,1.2615209992451
GRC,2009,25,6.86868291725598,3.06,23.656685,0.73542307783362
GRC,2010,24,6.67468373591301,3.06,24.744848,0.11015836653846
GRC,2011,20,6.51237503568188,2.607,26.112072,0.39704267922543
GRC,2012,20,5.2141135032317,2.607,26.719267,0.70861677504561
GRC,2013,26,5.08962001284191,2.573,27.423178,1.1741550686575
GRC,2014,26,5.15724221761109,2.573,28.105659,1.1305793549128
GRC,2015,29,5.24835608937103,2.573,29.057495,0.6446723200927
GRC,2016,29,5.29205030448575,2.573,30.231607,1.4140724260655
GRC,2017,29,5.23337066421392,2.573,31.027514,1.7080713284699
GRC,2018,29,5.20083318482599,2.573,31.739904,1.8203365370689
GRC,2019,24,5.70687583423428,2.573,31.890486,2.3917107239392
GRC,2020,24,NA,NA,NA,NA
GRD,2000,30,NA,NA,NA,NA
GRD,2001,30,NA,NA,NA,NA
GRD,2002,30,NA,NA,NA,NA
GRD,2003,30,NA,NA,NA,NA
GRD,2004,30,NA,NA,NA,NA
GRD,2005,30,NA,NA,NA,NA
GRD,2006,30,NA,NA,NA,NA
GRD,2007,30,NA,NA,NA,NA
GRD,2008,30,NA,NA,NA,NA
GRD,2009,30,NA,NA,NA,NA
GRD,2010,30,NA,NA,NA,NA
GRD,2011,30,NA,NA,NA,NA
GRD,2012,30,NA,NA,NA,NA
GRD,2013,30,NA,NA,NA,NA
GRD,2014,30,NA,NA,NA,NA
GRD,2015,30,NA,NA,NA,NA
GRD,2016,30,NA,NA,NA,NA
GRD,2017,30,NA,NA,NA,NA
GRD,2018,30,NA,NA,NA,NA
GRD,2019,28,NA,NA,NA,NA
GRD,2020,28,NA,NA,NA,NA
GRL,2000,35,NA,NA,NA,NA
GRL,2001,35,NA,NA,NA,NA
GRL,2002,35,NA,NA,NA,NA
GRL,2003,35,NA,NA,NA,NA
GRL,2004,35,NA,NA,NA,NA
GRL,2005,35,NA,NA,NA,NA
GRL,2006,35,NA,NA,NA,NA
GRL,2007,30,NA,NA,NA,NA
GRL,2008,30,NA,NA,NA,NA
GRL,2009,30,NA,NA,NA,NA
GRL,2010,30,NA,NA,NA,NA
GRL,2011,30,NA,NA,NA,NA
GRL,2012,30,NA,NA,NA,NA
GRL,2013,30,NA,NA,NA,NA
GRL,2014,30,NA,NA,NA,NA
GRL,2015,30,NA,NA,NA,NA
GRL,2016,30,NA,NA,NA,NA
GRL,2017,30,NA,NA,NA,NA
GRL,2018,30,NA,NA,NA,NA
GRL,2019,30,NA,NA,NA,NA
GRL,2020,25,NA,NA,NA,NA
GTM,2014,NA,NA,1.051,NA,NA
HKG,2000,16,NA,NA,NA,NA
HKG,2001,16,NA,NA,NA,NA
HKG,2002,16,NA,NA,NA,NA
HKG,2003,17.5,NA,NA,NA,NA
HKG,2004,17.5,NA,NA,NA,NA
HKG,2005,17.5,NA,NA,NA,NA
HKG,2006,17.5,NA,NA,NA,NA
HKG,2007,17.5,NA,NA,NA,NA
HKG,2008,16.5,NA,NA,NA,NA
HKG,2009,16.5,NA,NA,NA,NA
HKG,2010,16.5,NA,NA,NA,NA
HKG,2011,16.5,NA,NA,NA,NA
HKG,2012,16.5,NA,NA,NA,NA
HKG,2013,16.5,NA,NA,NA,NA
HKG,2014,16.5,NA,NA,NA,NA
HKG,2015,16.5,NA,NA,NA,NA
HKG,2016,16.5,NA,NA,NA,NA
HKG,2017,16.5,NA,NA,NA,NA
HKG,2018,16.5,NA,NA,NA,NA
HKG,2019,16.5,NA,NA,NA,NA
HKG,2020,16.5,NA,NA,NA,NA
HND,2014,NA,NA,2.571,NA,NA
HRV,2000,35,NA,NA,NA,NA
HRV,2001,20,NA,NA,NA,NA
HRV,2002,20,NA,NA,NA,NA
HRV,2003,20,NA,NA,NA,NA
HRV,2004,20,NA,NA,NA,NA
HRV,2005,20,NA,NA,NA,NA
HRV,2006,20,NA,NA,NA,NA
HRV,2007,20,NA,NA,NA,NA
HRV,2008,20,NA,NA,NA,NA
HRV,2009,20,NA,NA,NA,NA
HRV,2010,20,NA,NA,NA,NA
HRV,2011,20,NA,NA,NA,NA
HRV,2012,20,NA,NA,NA,NA
HRV,2013,20,NA,NA,NA,NA
HRV,2014,20,NA,NA,NA,NA
HRV,2015,20,NA,2.417,NA,NA
HRV,2016,20,NA,NA,NA,NA
HRV,2017,18,NA,NA,NA,NA
HRV,2018,18,NA,NA,NA,NA
HRV,2019,18,NA,NA,NA,NA
HRV,2020,18,NA,NA,NA,NA
HUN,1998,NA,NA,2.395,NA,NA
HUN,1999,NA,NA,2.395,NA,NA
HUN,2000,18,NA,2.395,14.041859,NA
HUN,2001,18,2.87405425714203,2.395,13.984717,NA
HUN,2002,18,3.41316053136487,2.395,14.211662,NA
HUN,2003,18,3.26115743077778,2.395,15.416001,NA
HUN,2004,16,3.23805726673063,2.395,16.748745,NA
HUN,2005,16,3.36258031011641,2.395,17.083904,6.825019339948
HUN,2006,17.33,3.54785721873086,2.395,17.699047,5.8984078262385
HUN,2007,20,3.44375260662408,2.395,18.048761,2.823264104952
HUN,2008,20,3.42174029088868,2.395,19.197906,4.0453222192931
HUN,2009,20,3.40204045409171,2.395,19.86219,1.6634714544689
HUN,2010,19,3.33560859335582,2.395,20.121918,1.7957448855562
HUN,2011,19,3.40596188787934,2.395,21.124001,4.6437733847013
HUN,2012,19,3.84318018927591,2.395,22.046715,11.411797422043
HUN,2013,19,3.98089815301839,2.169,22.505821,2.6486845702989
HUN,2014,19,4.13232620546538,2.169,23.356073,5.6680570308115
HUN,2015,19,4.25897780039645,2.169,24.242552,-11.679652992957
HUN,2016,19,4.48805540639994,2.169,23.713329,-4.2653125542498
HUN,2017,9,4.97730940068712,2.169,24.054041,2.4927196855247
HUN,2018,9,5.23170288363684,2.169,25.101177,5.3212691859492
HUN,2019,9,5.53337270701426,2.169,25.981535,0.72351655230184
HUN,2020,9,NA,NA,NA,NA
IDN,2000,30,NA,NA,NA,NA
IDN,2001,30,NA,NA,NA,NA
IDN,2002,30,NA,NA,NA,NA
IDN,2003,30,NA,NA,NA,NA
IDN,2004,30,NA,NA,8.1296101,NA
IDN,2005,30,NA,NA,5.4441252,2.6653094485971
IDN,2006,30,NA,NA,6.1217303,1.2318503249212
IDN,2007,30,NA,NA,6.8957992,1.4651204490132
IDN,2008,30,NA,2.91,6.4554873,1.6690226670402
IDN,2009,28,NA,2.91,7.5285029,0.84310357522236
IDN,2010,25,NA,2.91,7.9779863,1.8237459644108
IDN,2011,25,NA,2.91,8.1564999,2.1547218151222
IDN,2012,25,NA,2.91,9.007103,2.0850449502702
IDN,2013,25,NA,NA,9.3885174,2.0620825247246
IDN,2014,25,NA,NA,9.6783018,2.4484326034996
IDN,2015,25,NA,NA,10.567527,1.9330799570938
IDN,2016,25,NA,NA,11.337651,0.42076350386864
IDN,2017,25,NA,NA,11.857569,2.0262525690006
IDN,2018,25,NA,NA,NA,1.9729615137699
IDN,2019,25,NA,NA,NA,2.09883783891
IDN,2020,25,NA,NA,NA,NA
IMN,2000,20,NA,NA,NA,NA
IMN,2001,18,NA,NA,NA,NA
IMN,2002,18,NA,NA,NA,NA
IMN,2003,18,NA,NA,NA,NA
IMN,2004,18,NA,NA,NA,NA
IMN,2005,18,NA,NA,NA,NA
IMN,2006,0,NA,NA,NA,NA
IMN,2007,0,NA,NA,NA,NA
IMN,2008,0,NA,NA,NA,NA
IMN,2009,0,NA,NA,NA,NA
IMN,2010,0,NA,NA,NA,NA
IMN,2011,0,NA,NA,NA,NA
IMN,2012,0,NA,NA,NA,NA
IMN,2013,0,NA,NA,NA,NA
IMN,2014,0,NA,NA,NA,NA
IMN,2015,0,NA,NA,NA,NA
IMN,2016,0,NA,NA,NA,NA
IMN,2017,0,NA,NA,NA,NA
IMN,2018,0,NA,NA,NA,NA
IMN,2019,0,NA,NA,NA,NA
IMN,2020,0,NA,NA,NA,NA
IND,2000,48.089,NA,NA,NA,NA
IND,2001,43.898,NA,NA,NA,NA
IND,2002,45.052,NA,NA,NA,NA
IND,2003,44.091,NA,NA,NA,NA
IND,2004,44.879,NA,NA,NA,NA
IND,2005,42.964,NA,NA,NA,0.93660054146988
IND,2006,43.338,NA,NA,NA,2.2124827720964
IND,2007,45.208,NA,NA,NA,2.1789431984403
IND,2008,45.208,NA,2.471,NA,3.7831138723744
IND,2009,45.208,NA,2.471,NA,2.7420827227699
IND,2010,44.309,NA,2.471,NA,1.603580844152
IND,2011,43.404,NA,2.471,10.595189,2.0019980219983
IND,2012,43.404,NA,2.471,NA,1.3129241643718
IND,2013,45.208,NA,NA,NA,1.5162770410848
IND,2014,45.208,NA,NA,NA,1.6956594238613
IND,2015,47.92,NA,NA,NA,2.0921155725361
IND,2016,47.92,NA,NA,NA,1.9416309153734
IND,2017,47.92,NA,NA,NA,1.5068778095538
IND,2018,48.316,NA,NA,NA,1.5491578687743
IND,2019,48.316,NA,NA,NA,1.7240236138126
IND,2020,48.316,NA,NA,NA,NA
IRL,1998,NA,NA,1.692,NA,NA
IRL,1999,NA,NA,1.692,NA,NA
IRL,2000,24,NA,1.692,21.613003,NA
IRL,2001,20,7.69679632286634,1.692,23.577002,NA
IRL,2002,16,7.72641435052733,1.692,24.814322,NA
IRL,2003,12.5,7.81020776520621,1.692,26.308289,NA
IRL,2004,12.5,8.36419885016391,1.692,27.820133,NA
IRL,2005,12.5,8.72976376718984,1.692,29.074234,-14.958057142863
IRL,2006,12.5,8.64823202927659,1.787,31.095585,-2.3873879824623
IRL,2007,12.5,9.13899003172669,1.787,32.39011,9.1436914911743
IRL,2008,12.5,8.95846011711269,1.787,33.902611,-5.9461579967363
IRL,2009,12.5,9.37843618602933,1.787,35.822323,10.839413317351
IRL,2010,12.5,9.46571918784765,1.787,37.584061,19.25056832852
IRL,2011,12.5,9.22969837186706,1.787,38.162312,9.9107638352754
IRL,2012,12.5,9.07575460784625,1.878,39.69788,21.735084790665
IRL,2013,12.5,9.02981857805215,1.878,41.47068,21.199919255246
IRL,2014,12.5,9.0133653720958,1.878,40.967049,18.617961175393
IRL,2015,12.5,9.03956919201632,1.878,42.806118,74.693939244588
IRL,2016,12.5,9.56129344909608,1.878,NA,13.094057607694
IRL,2017,12.5,9.63298510487573,1.878,45.65897,15.706925705237
IRL,2018,12.5,9.89707189675973,1.878,46.935135,60.814824935914
IRL,2019,12.5,10.0616739545356,1.878,47.306587,20.864884199334
IRL,2020,12.5,NA,NA,NA,NA
ISL,2000,30,NA,NA,NA,NA
ISL,2001,30,NA,NA,NA,NA
ISL,2002,18,NA,NA,NA,NA
ISL,2003,18,NA,NA,27.861868,NA
ISL,2004,18,NA,NA,27.94356,NA
ISL,2005,18,NA,NA,29.471401,18.296016723895
ISL,2006,18,NA,NA,30.411818,22.411591516078
ISL,2007,18,NA,NA,30.804794,31.708708293114
ISL,2008,15,NA,NA,31.591888,5.1334122337239
ISL,2009,15,NA,NA,32.907246,0.59823822179172
ISL,2010,18,NA,NA,32.632442,1.7914474520392
ISL,2011,20,NA,NA,33.774651,7.3047741094534
ISL,2012,20,NA,NA,35.01783,6.9602901484322
ISL,2013,20,NA,1.938,36.08242,2.4753276316858
ISL,2014,20,NA,1.938,37.088051,2.5194517426231
ISL,2015,20,NA,1.938,38.841152,4.0753337721126
ISL,2016,20,NA,1.938,40.475002,-2.0721135913525
ISL,2017,20,NA,1.938,42.38409,-0.16908056060797
ISL,2018,20,NA,1.938,43.749649,-1.4825636818589
ISL,2019,20,NA,1.938,45.038918,-1.0441179048441
ISL,2020,20,NA,NA,NA,NA
ISR,2000,36,NA,NA,NA,NA
ISR,2001,36,5.45917257820882,NA,NA,NA
ISR,2002,36,5.2830985118391,NA,42.090389,NA
ISR,2003,36,5.35564375784123,NA,42.89489,NA
ISR,2004,35,5.3777311637917,NA,NA,NA
ISR,2005,34,5.30822456316057,NA,43.047825,3.3775992653888
ISR,2006,31,5.4591117035315,NA,NA,9.3383126596582
ISR,2007,29,5.70779583283734,NA,43.58707,4.9134214968892
ISR,2008,27,5.60890053989004,2.227,43.980537,4.7492878032816
ISR,2009,26,5.52699241296412,2.227,44.880913,2.2202687840908
ISR,2010,25,5.38128528500841,2.227,45.560074,2.9850829187325
ISR,2011,24,5.38436364623728,2.227,46.396889,3.3151848884792
ISR,2012,25,5.51262161717175,2.227,46.441711,3.506391801323
ISR,2013,25,5.62438495961035,2.227,47.421043,4.0460182300413
ISR,2014,26.5,5.59723663007826,2.227,48.53273,1.9510230042097
ISR,2015,26.5,5.97639066824322,2.227,48.824478,3.777223041517
ISR,2016,25,6.23937493894959,2.227,49.895348,3.7625785975997
ISR,2017,24,6.56874047646421,2.227,50.91605,4.789973796878
ISR,2018,23,6.90833169968711,2.227,50.201576,5.8076039861176
ISR,2019,23,6.85067664253386,2.227,50.246292,4.8263508983353
ISR,2020,23,NA,NA,NA,NA
ITA,1998,NA,NA,3.332,NA,NA
ITA,1999,NA,NA,3.332,NA,NA
ITA,2000,41.25,NA,3.332,9.3770475,NA
ITA,2001,40.25,NA,3.332,10.04891,NA
ITA,2002,40.25,NA,3.332,10.367989,NA
ITA,2003,38.25,NA,3.332,10.460108,NA
ITA,2004,37.25,NA,3.332,11.59316,NA
ITA,2005,37.25,NA,3.332,12.224514,1.0741602090015
ITA,2006,37.25,NA,3.332,12.872448,2.0137678427044
ITA,2007,37.25,NA,3.332,13.578119,1.8168813051007
ITA,2008,31.4,NA,3.332,14.357011,-0.44897779625752
ITA,2009,31.4,NA,3.332,14.510798,0.91265678183398
ITA,2010,31.4,NA,3.332,14.802574,0.42969935616403
ITA,2011,31.4,NA,3.332,14.935372,1.4969573375921
ITA,2012,31.293,NA,3.332,15.708264,0.00443444479716
ITA,2013,31.293,NA,3.166,16.289694,1.1329629107104
ITA,2014,31.293,NA,3.166,16.910578,1.0741967917433
ITA,2015,31.293,NA,3.166,17.546457,1.0688426193297
ITA,2016,31.293,NA,2.838,17.723593,1.5151692278653
ITA,2017,27.806,NA,2.624,18.669672,1.223157094346
ITA,2018,27.806,NA,2.624,19.323732,1.8055115777541
ITA,2019,27.806,NA,2.683,19.632418,0.90704159416621
ITA,2020,27.81,NA,NA,NA,NA
JAM,2000,33.33,NA,NA,NA,NA
JAM,2001,33.33,NA,NA,NA,NA
JAM,2002,33.33,NA,NA,NA,NA
JAM,2003,33.33,NA,NA,NA,NA
JAM,2004,33.33,NA,NA,NA,NA
JAM,2005,33.33,NA,NA,NA,NA
JAM,2006,33.33,NA,NA,NA,NA
JAM,2007,33.33,NA,NA,NA,NA
JAM,2008,33.33,NA,NA,NA,NA
JAM,2009,33.33,NA,NA,NA,NA
JAM,2010,33.33,NA,NA,NA,NA
JAM,2011,33.33,NA,NA,NA,NA
JAM,2012,33.33,NA,NA,NA,NA
JAM,2013,25,NA,NA,NA,NA
JAM,2014,25,NA,1.518,NA,NA
JAM,2015,25,NA,NA,NA,NA
JAM,2016,25,NA,NA,NA,NA
JAM,2017,25,NA,NA,NA,NA
JAM,2018,25,NA,NA,NA,NA
JAM,2019,25,NA,NA,NA,NA
JAM,2020,25,NA,NA,NA,NA
JEY,2000,20,NA,NA,NA,NA
JEY,2001,20,NA,NA,NA,NA
JEY,2002,20,NA,NA,NA,NA
JEY,2003,20,NA,NA,NA,NA
JEY,2004,20,NA,NA,NA,NA
JEY,2005,20,NA,NA,NA,NA
JEY,2006,20,NA,NA,NA,NA
JEY,2007,20,NA,NA,NA,NA
JEY,2008,20,NA,NA,NA,NA
JEY,2009,0,NA,NA,NA,NA
JEY,2010,0,NA,NA,NA,NA
JEY,2011,0,NA,NA,NA,NA
JEY,2012,0,NA,NA,NA,NA
JEY,2013,0,NA,NA,NA,NA
JEY,2014,0,NA,NA,NA,NA
JEY,2015,0,NA,NA,NA,NA
JEY,2016,0,NA,NA,NA,NA
JEY,2017,0,NA,NA,NA,NA
JEY,2018,0,NA,NA,NA,NA
JEY,2019,0,NA,NA,NA,NA
JEY,2020,0,NA,NA,NA,NA
JPN,1998,NA,NA,2.144,NA,NA
JPN,1999,NA,NA,2.144,NA,NA
JPN,2000,40.87,NA,2.144,33.615494,NA
JPN,2001,40.87,6.25134025008291,2.144,34.13689,NA
JPN,2002,40.87,6.29828108965483,2.144,36.575481,NA
JPN,2003,40.87,6.30831801533845,2.144,37.422066,NA
JPN,2004,39.54,6.34050357589249,2.144,38.693394,NA
JPN,2005,39.54,6.35798309706525,2.144,39.939026,0.05842573467891
JPN,2006,39.54,6.42300293216023,2.144,40.464294,-0.14353758160004
JPN,2007,39.54,6.47136270925649,1.906,41.024883,0.49936299060263
JPN,2008,39.54,6.69776817675252,1.906,42.842262,0.48468964474325
JPN,2009,39.54,6.85869976001739,1.906,43.764038,0.22821221209299
JPN,2010,39.54,7.01613347265206,1.906,44.809975,-0.02196927770443
JPN,2011,39.54,7.09892287693855,1.906,46.364063,-0.02853746854425
JPN,2012,39.54,7.19630449873992,1.906,46.619377,0.02791371929917
JPN,2013,36.99,7.14475980728746,1.906,47.311993,0.04467513409172
JPN,2014,36.99,7.24109079897303,1.906,48.185074,0.21898927296514
JPN,2015,32.11,7.43205795553583,1.906,49.541573,-0.05128623742836
JPN,2016,29.97,7.62744612473091,1.906,50.496956,0.39323397680469
JPN,2017,29.97,7.7834256915096,1.906,51.440529,0.19220122196507
JPN,2018,29.74,7.98444663338199,1.906,51.928062,0.18678157544774
JPN,2019,29.74,NA,1.906,52.67799,0.28626934674544
JPN,2020,29.74,NA,NA,NA,NA
KAZ,2014,NA,NA,2.372,NA,NA
KAZ,2015,NA,NA,2.372,NA,NA
KEN,2000,30,NA,NA,NA,NA
KEN,2001,30,NA,NA,NA,NA
KEN,2002,30,NA,NA,NA,NA
KEN,2003,30,NA,NA,NA,NA
KEN,2004,30,NA,NA,NA,NA
KEN,2005,30,NA,NA,NA,NA
KEN,2006,30,NA,NA,NA,NA
KEN,2007,30,NA,NA,NA,NA
KEN,2008,30,NA,NA,NA,NA
KEN,2009,30,NA,NA,NA,NA
KEN,2010,30,NA,NA,NA,NA
KEN,2011,30,NA,NA,NA,NA
KEN,2012,30,NA,NA,NA,NA
KEN,2013,30,NA,NA,NA,NA
KEN,2014,30,NA,NA,NA,NA
KEN,2015,30,NA,NA,NA,NA
KEN,2016,30,NA,NA,NA,NA
KEN,2017,30,NA,NA,NA,NA
KEN,2018,30,NA,NA,NA,NA
KEN,2019,30,NA,NA,NA,NA
KEN,2020,30,NA,NA,NA,NA
KOR,1998,NA,NA,2.261,NA,NA
KOR,1999,NA,NA,2.261,NA,NA
KOR,2000,30.8,NA,2.261,23.849094,NA
KOR,2001,30.8,3.03120301349845,2.261,24.819485,NA
KOR,2002,29.7,3.27611361487037,2.261,25.88715,NA
KOR,2003,29.7,3.45085460546529,2.261,29.395346,NA
KOR,2004,29.7,3.70924665148802,2.261,30.406145,NA
KOR,2005,27.5,4.03281245875753,2.261,31.619953,0.64881729201089
KOR,2006,27.5,4.17751781539055,2.261,33.070503,0.47130842659285
KOR,2007,27.5,4.57366523428419,2.261,34.814022,0.12641840141612
KOR,2008,27.5,4.73356675232001,2.261,36.669804,0.7259540607196
KOR,2009,24.2,4.88761574942109,2.261,38.470245,0.69774421497764
KOR,2010,24.2,4.87863330193234,2.261,39.044632,0.70949516068552
KOR,2011,24.2,4.92945428584549,2.261,40.381783,0.81761186955554
KOR,2012,24.2,5.11427392104029,2.261,41.746613,0.86961514285205
KOR,2013,24.2,5.35721933220319,2.261,43.075195,0.44375702511943
KOR,2014,24.2,5.67074153276843,2.261,44.49865,-0.06177920610284
KOR,2015,24.2,6.03087163247948,2.261,45.356678,0.20982148869996
KOR,2016,24.2,6.45451535119875,2.261,46.643951,0.49429655766944
KOR,2017,24.2,6.79339698672049,2.261,47.744724,0.7820055588347
KOR,2018,27.5,7.79138991523297,2.261,49.008511,0.772937571938
KOR,2019,27.5,8.60689491569257,2.261,50.03104,0.64338713831015
KOR,2020,27.5,NA,NA,NA,NA
LBR,2000,35,NA,NA,NA,NA
LBR,2001,35,NA,NA,NA,NA
LBR,2002,35,NA,NA,NA,NA
LBR,2003,35,NA,NA,NA,NA
LBR,2004,35,NA,NA,NA,NA
LBR,2005,35,NA,NA,NA,NA
LBR,2006,35,NA,NA,NA,NA
LBR,2007,35,NA,NA,NA,NA
LBR,2008,35,NA,NA,NA,NA
LBR,2009,35,NA,NA,NA,NA
LBR,2010,35,NA,NA,NA,NA
LBR,2011,25,NA,NA,NA,NA
LBR,2012,25,NA,NA,NA,NA
LBR,2013,25,NA,NA,NA,NA
LBR,2014,25,NA,NA,NA,NA
LBR,2015,25,NA,NA,NA,NA
LBR,2016,25,NA,NA,NA,NA
LBR,2017,25,NA,NA,NA,NA
LBR,2018,25,NA,NA,NA,NA
LBR,2019,25,NA,NA,NA,NA
LBR,2020,25,NA,NA,NA,NA
LCA,2000,30,NA,NA,NA,NA
LCA,2001,30,NA,NA,NA,NA
LCA,2002,30,NA,NA,NA,NA
LCA,2003,30,NA,NA,NA,NA
LCA,2004,30,NA,NA,NA,NA
LCA,2005,30,NA,NA,NA,NA
LCA,2006,30,NA,NA,NA,NA
LCA,2007,30,NA,NA,NA,NA
LCA,2008,30,NA,NA,NA,NA
LCA,2009,30,NA,NA,NA,NA
LCA,2010,30,NA,NA,NA,NA
LCA,2011,30,NA,NA,NA,NA
LCA,2012,30,NA,NA,NA,NA
LCA,2013,30,NA,NA,NA,NA
LCA,2014,30,NA,NA,NA,NA
LCA,2015,30,NA,NA,NA,NA
LCA,2016,30,NA,NA,NA,NA
LCA,2017,30,NA,NA,NA,NA
LCA,2018,30,NA,NA,NA,NA
LCA,2019,30,NA,NA,NA,NA
LCA,2020,30,NA,NA,NA,NA
LIE,2000,20,NA,NA,NA,NA
LIE,2001,20,NA,NA,NA,NA
LIE,2002,20,NA,NA,NA,NA
LIE,2003,20,NA,NA,NA,NA
LIE,2004,20,NA,NA,NA,NA
LIE,2005,20,NA,NA,NA,NA
LIE,2006,20,NA,NA,NA,NA
LIE,2007,20,NA,NA,NA,NA
LIE,2008,20,NA,NA,NA,NA
LIE,2009,20,NA,NA,NA,NA
LIE,2010,20,NA,NA,NA,NA
LIE,2011,12.5,NA,NA,NA,NA
LIE,2012,12.5,NA,NA,NA,NA
LIE,2013,12.5,NA,NA,NA,NA
LIE,2014,12.5,NA,NA,NA,NA
LIE,2015,12.5,NA,NA,NA,NA
LIE,2016,12.5,NA,NA,NA,NA
LIE,2017,12.5,NA,NA,NA,NA
LIE,2018,12.5,NA,NA,NA,NA
LIE,2019,12.5,NA,NA,NA,NA
LIE,2020,12.5,NA,NA,NA,NA
LTU,2000,24,NA,NA,41.801403,NA
LTU,2001,24,2.26974399216473,NA,NA,NA
LTU,2002,15,2.26337244910376,NA,NA,NA
LTU,2003,15,2.33458452175101,NA,NA,NA
LTU,2004,15,2.55817055586797,NA,NA,NA
LTU,2005,15,2.71846162528517,NA,26.547928,4.3376310164012
LTU,2006,19,2.92284171407052,NA,26.751383,6.7016765590771
LTU,2007,18,3.12169813557037,NA,28.931429,5.7633469381741
LTU,2008,15,3.47301923370012,NA,30.408518,3.7382947866727
LTU,2009,20,3.32495739895139,NA,30.958277,-1.1969360512134
LTU,2010,15,3.28166522433101,NA,32.440029,2.7531157407461
LTU,2011,15,3.15149960430663,NA,33.489258,4.1425667738813
LTU,2012,15,3.13897888292305,NA,34.05378,1.8728849752029
LTU,2013,15,3.21248268709969,NA,35.19833,1.235135204199
LTU,2014,15,3.38363115166101,2.697,36.668087,-0.27453894341065
LTU,2015,15,4.22482882842394,2.697,38.724106,2.5473200146579
LTU,2016,15,4.7865914898485,2.697,39.732628,0.70221313208034
LTU,2017,15,4.81182396493581,2.697,40.273941,2.1331769768742
LTU,2018,15,4.94795965330882,2.34,41.654594,1.8258836212977
LTU,2019,15,6.69017767454161,2.34,43.149418,2.1568687869034
LTU,2020,15,NA,NA,NA,NA
LUX,2000,37.45,NA,NA,18.284153,NA
LUX,2001,37.45,10.8775577798987,NA,NA,NA
LUX,2002,30.38,10.8432365894368,NA,NA,NA
LUX,2003,30.38,11.2446626696605,NA,NA,NA
LUX,2004,30.38,11.2338804883853,NA,NA,NA
LUX,2005,30.38,11.4582147012411,NA,26.549366,15.994197390347
LUX,2006,29.63,11.3961486525056,NA,23.993208,74.917750011918
LUX,2007,29.63,11.6117393336411,NA,26.512686,-55.474029938202
LUX,2008,29.63,11.4523334016652,2.632,27.653927,19.962345963009
LUX,2009,28.59,11.9401922982468,2.632,34.795971,40.072074609603
LUX,2010,28.59,11.8675179001281,2.632,35.475895,66.950772283773
LUX,2011,28.8,11.8372812011371,2.632,37.034779,22.138921975777
LUX,2012,28.8,11.7458736636241,2.632,39.110382,35.284579020115
LUX,2013,29.22,11.7576166644306,2.632,40.673241,39.01854115785
LUX,2014,29.22,12.2384542973822,2.632,45.935593,29.880433149092
LUX,2015,29.22,12.2688930182244,2.632,39.794865,54.368884186405
LUX,2016,29.22,12.2333144619974,2.632,42.856003,133.99348510638
LUX,2017,27.08,12.4901852163501,2.632,40.325737,-36.081012602226
LUX,2018,26.01,12.4299987252094,2.632,43.886856,-107.74745219362
LUX,2019,24.94,12.5310790651417,2.632,51.642971,20.80197504408
LUX,2020,24.94,NA,NA,NA,NA
LVA,2000,25,NA,NA,18.218046,NA
LVA,2001,25,1.09892394724577,NA,17.809738,NA
LVA,2002,22,1.17446664394016,NA,18.869808,NA
LVA,2003,19,1.34268812065972,NA,17.920399,NA
LVA,2004,15,1.50109121019463,NA,19.785511,NA
LVA,2005,15,1.46465509221151,NA,20.293005,4.1749413931577
LVA,2006,15,1.60494411395626,NA,20.919746,7.7698041494745
LVA,2007,15,2.09155904782591,NA,22.18199,7.5225174298624
LVA,2008,15,2.6969968119276,NA,24.822483,3.53443306193
LVA,2009,15,3.02299552030951,NA,25.846195,-0.07937685015399
LVA,2010,15,2.95579033279367,NA,26.946114,1.7647953233195
LVA,2011,15,3.1758918639373,NA,27.69327,5.1571902580214
LVA,2012,15,3.09351642009624,3.228,29.227177,3.9504785525784
LVA,2013,15,3.04078795179006,3.228,31.011995,2.9775021542184
LVA,2014,15,3.40483903471232,3.228,30.230137,2.8499385719174
LVA,2015,15,3.81234506655747,3.228,31.591949,2.7259933020748
LVA,2016,15,3.90688102830454,3.228,33.361481,0.91644281255998
LVA,2017,15,3.94420610431868,3.228,33.882294,2.3384689276109
LVA,2018,20,4.39600111185227,3.228,33.939289,2.8203731055966
LVA,2019,20,4.32067783827444,3.228,35.707733,2.5658782043187
LVA,2020,20,NA,NA,NA,NA
MAC,2000,15,NA,NA,NA,NA
MAC,2001,15,NA,NA,NA,NA
MAC,2002,15,NA,NA,NA,NA
MAC,2003,15,NA,NA,NA,NA
MAC,2004,12,NA,NA,NA,NA
MAC,2005,12,NA,NA,NA,NA
MAC,2006,12,NA,NA,NA,NA
MAC,2007,12,NA,NA,NA,NA
MAC,2008,12,NA,NA,NA,NA
MAC,2009,12,NA,NA,NA,NA
MAC,2010,12,NA,NA,NA,NA
MAC,2011,12,NA,NA,NA,NA
MAC,2012,12,NA,NA,NA,NA
MAC,2013,12,NA,NA,NA,NA
MAC,2014,12,NA,NA,NA,NA
MAC,2015,12,NA,NA,NA,NA
MAC,2016,12,NA,NA,NA,NA
MAC,2017,12,NA,NA,NA,NA
MAC,2018,12,NA,NA,NA,NA
MAC,2019,12,NA,NA,NA,NA
MAC,2020,12,NA,NA,NA,NA
MCO,2000,33.33,NA,NA,NA,NA
MCO,2001,33.33,NA,NA,NA,NA
MCO,2002,33.33,NA,NA,NA,NA
MCO,2003,33.33,NA,NA,NA,NA
MCO,2004,33.33,NA,NA,NA,NA
MCO,2005,33.33,NA,NA,NA,NA
MCO,2006,33.33,NA,NA,NA,NA
MCO,2007,33.33,NA,NA,NA,NA
MCO,2008,33.33,NA,NA,NA,NA
MCO,2009,33.33,NA,NA,NA,NA
MCO,2010,33.33,NA,NA,NA,NA
MCO,2011,33.33,NA,NA,NA,NA
MCO,2012,33.33,NA,NA,NA,NA
MCO,2013,33.33,NA,NA,NA,NA
MCO,2014,33.33,NA,NA,NA,NA
MCO,2015,33.33,NA,NA,NA,NA
MCO,2016,33.33,NA,NA,NA,NA
MCO,2017,33.33,NA,NA,NA,NA
MCO,2018,33.33,NA,NA,NA,NA
MCO,2019,31,NA,NA,NA,NA
MCO,2020,28,NA,NA,NA,NA
MDV,2000,0,NA,NA,NA,NA
MDV,2001,0,NA,NA,NA,NA
MDV,2002,0,NA,NA,NA,NA
MDV,2003,0,NA,NA,NA,NA
MDV,2004,0,NA,NA,NA,NA
MDV,2005,0,NA,NA,NA,NA
MDV,2006,0,NA,NA,NA,NA
MDV,2007,0,NA,NA,NA,NA
MDV,2008,0,NA,NA,NA,NA
MDV,2009,0,NA,NA,NA,NA
MDV,2010,0,NA,NA,NA,NA
MDV,2011,15,NA,NA,NA,NA
MDV,2012,15,NA,NA,NA,NA
MDV,2013,15,NA,NA,NA,NA
MDV,2014,15,NA,NA,NA,NA
MDV,2015,15,NA,NA,NA,NA
MDV,2016,15,NA,NA,NA,NA
MDV,2017,15,NA,NA,NA,NA
MDV,2018,15,NA,NA,NA,NA
MDV,2019,15,NA,NA,NA,NA
MDV,2020,15,NA,NA,NA,NA
MEX,1998,NA,NA,2.908,NA,NA
MEX,1999,NA,NA,2.908,NA,NA
MEX,2000,35,NA,2.908,14.635047,NA
MEX,2001,35,0.927996395466202,2.908,15.109115,NA
MEX,2002,35,0.934580171462411,2.908,15.364734,NA
MEX,2003,34,0.934199175608766,2.908,15.5543,NA
MEX,2004,33,0.93032943559614,2.908,16.568291,NA
MEX,2005,30,0.93481930702569,2.908,12.723972,2.969389371139
MEX,2006,29,0.938149079094195,2.908,13.26213,2.1784351775169
MEX,2007,28,0.93745092459105706,2.908,13.55181,3.0855842450863
MEX,2008,28,0.927506481574575,2.908,13.672557,2.6604191259585
MEX,2009,28,0.921560667730587,2.908,14.308427,1.9836262972034
MEX,2010,30,0.927699360416118,2.908,14.654601,2.5656873735154
MEX,2011,30,0.933968246459403,2.908,15.012249,2.1663611022627
MEX,2012,30,0.935433898705191,2.908,15.709545,1.8101040029563
MEX,2013,30,0.939505318727938,2.789,16.20183,3.7833416873046
MEX,2014,30,0.938409917927095,2.789,15.996383,2.3163763456058
MEX,2015,30,0.957477891844078,2.789,16.278801,3.0273008714417
MEX,2016,30,0.989553790376641,2.789,16.818605,2.8821559540359
MEX,2017,30,1.0226100125093,2.789,17.418995,2.9540644321862
MEX,2018,30,1.07618235411513,2.789,17.979799,2.7640232485643
MEX,2019,30,1.207,2.789,18.259947,2.7080960354451
MEX,2020,30,NA,NA,NA,NA
MKD,2000,15,NA,NA,NA,NA
MKD,2001,15,NA,NA,NA,NA
MKD,2002,15,NA,NA,NA,NA
MKD,2003,15,NA,NA,NA,NA
MKD,2004,15,NA,NA,NA,NA
MKD,2005,15,NA,NA,NA,NA
MKD,2006,15,NA,NA,NA,NA
MKD,2007,12,NA,NA,NA,NA
MKD,2008,10,NA,NA,NA,NA
MKD,2009,10,NA,NA,NA,NA
MKD,2010,10,NA,NA,NA,NA
MKD,2011,10,NA,NA,NA,NA
MKD,2012,10,NA,NA,NA,NA
MKD,2013,10,NA,NA,NA,NA
MKD,2014,10,NA,NA,NA,NA
MKD,2015,10,NA,2.459,NA,NA
MKD,2016,10,NA,NA,NA,NA
MKD,2017,10,NA,NA,NA,NA
MKD,2018,10,NA,NA,NA,NA
MKD,2019,10,NA,NA,NA,NA
MKD,2020,10,NA,NA,NA,NA
MLT,2000,35,NA,NA,NA,NA
MLT,2001,35,NA,NA,NA,NA
MLT,2002,35,NA,NA,NA,NA
MLT,2003,35,NA,NA,NA,NA
MLT,2004,35,NA,NA,NA,NA
MLT,2005,35,NA,NA,NA,NA
MLT,2006,35,NA,NA,NA,NA
MLT,2007,35,NA,NA,NA,NA
MLT,2008,35,NA,NA,NA,NA
MLT,2009,35,NA,NA,NA,NA
MLT,2010,35,NA,NA,NA,NA
MLT,2011,35,NA,NA,NA,NA
MLT,2012,35,NA,NA,NA,NA
MLT,2013,35,NA,NA,NA,NA
MLT,2014,35,NA,NA,NA,NA
MLT,2015,35,NA,NA,NA,NA
MLT,2016,35,NA,NA,NA,NA
MLT,2017,35,NA,NA,NA,NA
MLT,2018,35,NA,NA,NA,NA
MLT,2019,35,NA,NA,NA,NA
MLT,2020,35,NA,NA,NA,NA
MNE,2013,NA,NA,3.019,NA,NA
MSR,2000,30,NA,NA,NA,NA
MSR,2001,30,NA,NA,NA,NA
MSR,2002,30,NA,NA,NA,NA
MSR,2003,30,NA,NA,NA,NA
MSR,2004,30,NA,NA,NA,NA
MSR,2005,30,NA,NA,NA,NA
MSR,2006,30,NA,NA,NA,NA
MSR,2007,30,NA,NA,NA,NA
MSR,2008,30,NA,NA,NA,NA
MSR,2009,30,NA,NA,NA,NA
MSR,2010,30,NA,NA,NA,NA
MSR,2011,30,NA,NA,NA,NA
MSR,2012,30,NA,NA,NA,NA
MSR,2013,30,NA,NA,NA,NA
MSR,2014,30,NA,NA,NA,NA
MSR,2015,30,NA,NA,NA,NA
MSR,2016,30,NA,NA,NA,NA
MSR,2017,30,NA,NA,NA,NA
MSR,2018,30,NA,NA,NA,NA
MSR,2019,30,NA,NA,NA,NA
MSR,2020,30,NA,NA,NA,NA
MUS,2000,25,NA,NA,NA,NA
MUS,2001,25,NA,NA,NA,NA
MUS,2002,25,NA,NA,NA,NA
MUS,2003,25,NA,NA,NA,NA
MUS,2004,25,NA,NA,NA,NA
MUS,2005,22.5,NA,NA,NA,NA
MUS,2006,15,NA,NA,NA,NA
MUS,2007,15,NA,NA,NA,NA
MUS,2008,15,NA,NA,NA,NA
MUS,2009,15,NA,NA,NA,NA
MUS,2010,15,NA,NA,NA,NA
MUS,2011,15,NA,NA,NA,NA
MUS,2012,15,NA,NA,NA,NA
MUS,2013,15,NA,NA,NA,NA
MUS,2014,15,NA,NA,NA,NA
MUS,2015,15,NA,NA,NA,NA
MUS,2016,15,NA,NA,NA,NA
MUS,2017,15,NA,NA,NA,NA
MUS,2018,15,NA,NA,NA,NA
MUS,2019,15,NA,NA,NA,NA
MUS,2020,15,NA,NA,NA,NA
MYS,2000,28,NA,NA,NA,NA
MYS,2001,28,NA,NA,NA,NA
MYS,2002,28,NA,NA,NA,NA
MYS,2003,28,NA,NA,NA,NA
MYS,2004,28,NA,NA,NA,NA
MYS,2005,28,NA,NA,NA,NA
MYS,2006,28,NA,NA,NA,NA
MYS,2007,27,NA,NA,NA,NA
MYS,2008,26,NA,NA,NA,NA
MYS,2009,25,NA,NA,NA,NA
MYS,2010,25,NA,NA,NA,NA
MYS,2011,25,NA,NA,NA,NA
MYS,2012,25,NA,NA,NA,NA
MYS,2013,25,NA,2.029,NA,NA
MYS,2014,25,NA,NA,NA,NA
MYS,2015,25,NA,NA,NA,NA
MYS,2016,24,NA,NA,NA,NA
MYS,2017,24,NA,NA,NA,NA
MYS,2018,24,NA,NA,NA,NA
MYS,2019,24,NA,NA,NA,NA
MYS,2020,24,NA,NA,NA,NA
NAM,2000,35,NA,NA,NA,NA
NAM,2001,35,NA,NA,NA,NA
NAM,2002,35,NA,NA,NA,NA
NAM,2003,35,NA,NA,NA,NA
NAM,2004,35,NA,NA,NA,NA
NAM,2005,35,NA,NA,NA,NA
NAM,2006,35,NA,NA,NA,NA
NAM,2007,35,NA,NA,NA,NA
NAM,2008,35,NA,NA,NA,NA
NAM,2009,35,NA,NA,NA,NA
NAM,2010,34,NA,NA,NA,NA
NAM,2011,34,NA,NA,NA,NA
NAM,2012,34,NA,NA,NA,NA
NAM,2013,34,NA,NA,NA,NA
NAM,2014,33,NA,NA,NA,NA
NAM,2015,33,NA,NA,NA,NA
NAM,2016,32,NA,NA,NA,NA
NAM,2017,32,NA,NA,NA,NA
NAM,2018,32,NA,NA,NA,NA
NAM,2019,32,NA,NA,NA,NA
NAM,2020,32,NA,NA,NA,NA
NGA,2000,30,NA,NA,NA,NA
NGA,2001,30,NA,NA,NA,NA
NGA,2002,30,NA,NA,NA,NA
NGA,2003,30,NA,NA,NA,NA
NGA,2004,30,NA,NA,NA,NA
NGA,2005,30,NA,NA,NA,NA
NGA,2006,30,NA,NA,NA,NA
NGA,2007,30,NA,NA,NA,NA
NGA,2008,30,NA,NA,NA,NA
NGA,2009,30,NA,NA,NA,NA
NGA,2010,30,NA,NA,NA,NA
NGA,2011,30,NA,NA,NA,NA
NGA,2012,30,NA,NA,NA,NA
NGA,2013,30,NA,NA,NA,NA
NGA,2014,30,NA,NA,NA,NA
NGA,2015,30,NA,NA,NA,NA
NGA,2016,30,NA,NA,NA,NA
NGA,2017,30,NA,NA,NA,NA
NGA,2018,30,NA,NA,NA,NA
NGA,2019,30,NA,NA,NA,NA
NGA,2020,30,NA,NA,NA,NA
NIC,2014,NA,NA,1.384,NA,NA
NLD,1998,NA,NA,3.181,NA,NA
NLD,1999,NA,NA,3.215,NA,NA
NLD,2000,35,NA,3.215,23.375116,NA
NLD,2001,35,10.747606171496,3.215,23.205473,NA
NLD,2002,34.5,10.8663450129149,3.215,25.02088,NA
NLD,2003,34.5,10.9745755226233,3.215,27.545015,NA
NLD,2004,34.5,10.904876328624,3.215,29.537558,NA
NLD,2005,31.5,10.7238438837069,3.215,30.11544,6.5752540873652
NLD,2006,29.6,10.7227386896014,3.215,30.189871,2.8631421432567
NLD,2007,25.5,10.8025067629491,3.215,30.803967,14.40506429992
NLD,2008,25.5,10.837570430765,3.215,32.167362,0.68086967254423
NLD,2009,25.5,11.0611001756199,3.17,32.785397,3.8642216461903
NLD,2010,25.5,11.0939035403273,3.17,32.389164,-0.67461472065168
NLD,2011,25,10.9169108483974,3.17,32.041344,2.7661393547585
NLD,2012,25,10.8770942942491,3.17,34.398335,1.7242691471103
NLD,2013,25,10.7426819136013,3.223,33.869305,5.3226800110158
NLD,2014,25,10.7908886050074,3.223,34.419815,5.9951189802097
NLD,2015,25,10.8085494899635,3.223,35.330765,25.021738344257
NLD,2016,25,10.9832038829929,3.371,35.999168,8.3253667720185
NLD,2017,25,11.0288566874021,3.371,37.16811,4.9156057320574
NLD,2018,25,11.03616949426,3.371,38.343895,13.154561845008
NLD,2019,25,11.0214369478035,3.49,40.385136,4.6566658815316
NLD,2020,25,NA,NA,NA,NA
NOR,1998,NA,NA,2.38,NA,NA
NOR,1999,NA,NA,2.38,NA,NA
NOR,2000,28,NA,2.38,NA,NA
NOR,2001,28,NA,2.38,NA,NA
NOR,2002,28,NA,2.38,NA,NA
NOR,2003,28,NA,2.38,NA,NA
NOR,2004,28,NA,2.38,NA,NA
NOR,2005,28,NA,2.38,32.692787,0.7060547760421
NOR,2006,28,NA,2.38,32.926327,3.045212405199
NOR,2007,28,NA,2.38,34.198307,1.9935173914143
NOR,2008,28,NA,2.38,36.004189,2.2145439363851
NOR,2009,28,NA,2.38,36.698498,4.3079447071794
NOR,2010,28,NA,2.38,37.284328,3.9749628789039
NOR,2011,28,NA,2.38,38.053513,4.1357248117182
NOR,2012,28,NA,2.38,38.561893,3.2688228046517
NOR,2013,28,NA,2.38,39.770252,-1.1316376946957
NOR,2014,27,NA,2.38,41.757915,3.9132032920555
NOR,2015,27,NA,2.38,42.706734,-0.6518986450416
NOR,2016,25,NA,2.38,43.016758,-1.0573485788553
NOR,2017,24,NA,2.38,43.207031,-1.4865634015312
NOR,2018,23,NA,2.38,43.575832,0.05201227687948
NOR,2019,22,NA,2.38,44.129421,3.2822966301683
NOR,2020,22,NA,NA,NA,NA
NZL,1998,NA,NA,1.066,NA,NA
NZL,1999,NA,NA,1.066,NA,NA
NZL,2000,33,NA,1.066,NA,NA
NZL,2001,33,7.03793024270591,1.292,NA,NA
NZL,2002,33,7.0957211755314,1.292,NA,NA
NZL,2003,33,7.36865660083765,1.292,NA,NA
NZL,2004,33,7.62438968395399,1.292,NA,NA
NZL,2005,33,7.82464096657319,1.292,NA,1.0497097130428
NZL,2006,33,8.12613719952849,1.292,NA,3.3209141141914
NZL,2007,33,8.66198721972536,1.292,NA,2.6132096151582
NZL,2008,30,8.94567035806951,1.292,NA,2.3384011596068
NZL,2009,30,9.18314214056988,1.292,NA,0.57782773029268
NZL,2010,30,9.20127583949544,1.292,NA,-0.04178259262351
NZL,2011,28,9.01925906324488,1.292,NA,2.5096225243748
NZL,2012,28,9.22813114574868,1.173,NA,1.9869866843868
NZL,2013,28,9.33602731911342,1.173,NA,0.97463235342997
NZL,2014,28,9.4720813274667,1.173,35.628941,1.2126884341093
NZL,2015,28,9.8273197344747,1.173,34.040531,-0.17405046049341
NZL,2016,28,10.0979251019421,1.173,36.275139,1.511187754277
NZL,2017,28,10.2420715558308,1.173,37.730431,1.1822803051907
NZL,2018,28,10.4421335669694,1.173,39.292675,1.1528095873893
NZL,2019,28,11.0436853920604,1.173,39.065784,2.0673764913119
NZL,2020,28,NA,NA,NA,NA
OMN,2000,12,NA,NA,NA,NA
OMN,2001,12,NA,NA,NA,NA
OMN,2002,12,NA,NA,NA,NA
OMN,2003,12,NA,NA,NA,NA
OMN,2004,12,NA,NA,NA,NA
OMN,2005,12,NA,NA,NA,NA
OMN,2006,12,NA,NA,NA,NA
OMN,2007,12,NA,NA,NA,NA
OMN,2008,12,NA,NA,NA,NA
OMN,2009,12,NA,NA,NA,NA
OMN,2010,12,NA,NA,NA,NA
OMN,2011,12,NA,NA,NA,NA
OMN,2012,12,NA,NA,NA,NA
OMN,2013,12,NA,NA,NA,NA
OMN,2014,12,NA,NA,NA,NA
OMN,2015,12,NA,NA,NA,NA
OMN,2016,12,NA,NA,NA,NA
OMN,2017,15,NA,NA,NA,NA
OMN,2018,15,NA,NA,NA,NA
OMN,2019,15,NA,NA,NA,NA
OMN,2020,15,NA,NA,NA,NA
PAN,2000,30,NA,NA,NA,NA
PAN,2001,30,NA,NA,NA,NA
PAN,2002,30,NA,NA,NA,NA
PAN,2003,30,NA,NA,NA,NA
PAN,2004,30,NA,NA,NA,NA
PAN,2005,30,NA,NA,NA,NA
PAN,2006,30,NA,NA,NA,NA
PAN,2007,30,NA,NA,NA,NA
PAN,2008,30,NA,NA,NA,NA
PAN,2009,30,NA,NA,NA,NA
PAN,2010,27.5,NA,NA,NA,NA
PAN,2011,25,NA,NA,NA,NA
PAN,2012,25,NA,NA,NA,NA
PAN,2013,25,NA,NA,NA,NA
PAN,2014,25,NA,1.675,NA,NA
PAN,2015,25,NA,NA,NA,NA
PAN,2016,25,NA,NA,NA,NA
PAN,2017,25,NA,NA,NA,NA
PAN,2018,25,NA,NA,NA,NA
PAN,2019,25,NA,NA,NA,NA
PAN,2020,25,NA,NA,NA,NA
PER,2000,30,NA,NA,NA,NA
PER,2001,30,NA,NA,NA,NA
PER,2002,27,NA,NA,NA,NA
PER,2003,27,NA,NA,NA,NA
PER,2004,30,NA,NA,NA,NA
PER,2005,30,NA,NA,NA,NA
PER,2006,30,NA,NA,NA,NA
PER,2007,30,NA,NA,NA,NA
PER,2008,30,NA,NA,NA,NA
PER,2009,30,NA,NA,NA,NA
PER,2010,30,NA,NA,NA,NA
PER,2011,30,NA,NA,NA,NA
PER,2012,30,NA,NA,NA,NA
PER,2013,30,NA,NA,NA,NA
PER,2014,30,NA,2.321,NA,NA
PER,2015,28,NA,NA,NA,NA
PER,2016,28,NA,NA,NA,NA
PER,2017,29.5,NA,NA,NA,NA
PER,2018,29.5,NA,NA,NA,NA
PER,2019,29.5,NA,NA,NA,NA
PER,2020,29.5,NA,NA,NA,NA
POL,1998,NA,NA,2.625,NA,NA
POL,1999,NA,NA,2.625,NA,NA
POL,2000,30,NA,2.625,11.36204,NA
POL,2001,28,3.31142559884931,2.625,11.885846,NA
POL,2002,28,3.24951298679944,2.625,12.585118,NA
POL,2003,27,3.39734631074813,2.625,14.17064,NA
POL,2004,19,3.38477179947201,2.482,15.709586,NA
POL,2005,19,3.41293358837847,2.482,16.926928,2.6809200342192
POL,2006,19,3.56809181271077,2.482,17.891872,4.2279569684343
POL,2007,19,3.62579423348484,2.482,18.688519,4.6276802298109
POL,2008,19,4.18739562076529,2.482,19.565832,2.300217632243
POL,2009,19,4.57170504666454,2.482,21.150869,2.283525674811
POL,2010,19,4.59989239215042,2.482,22.468407,2.6703717767765
POL,2011,19,4.64401077020725,2.482,23.283596,3.0166705431651
POL,2012,19,4.85319394708437,2.482,24.512804,2.4864110635725
POL,2013,19,5.12589225067727,2.482,25.755669,0.69164595610524
POL,2014,19,5.37929165779787,2.482,26.995474,3.2293588606872
POL,2015,19,5.65284176267709,2.482,27.747267,2.7353281317683
POL,2016,19,6.01585271553297,2.482,28.711193,3.5158336627449
POL,2017,19,6.3713592465603,2.482,29.919453,1.8117368800797
POL,2018,19,6.57080175559912,2.482,30.919592,2.7892982546171
POL,2019,19,6.88674397543264,2.482,32.014767,1.8560273940591001
POL,2020,19,NA,NA,NA,NA
PRT,1998,NA,NA,4.095,NA,NA
PRT,1999,NA,NA,4.095,NA,NA
PRT,2000,35.2,NA,4.095,8.8429394,NA
PRT,2001,35.2,4.72679414819645,4.095,9.2361002,NA
PRT,2002,33,4.75116501995629,4.095,9.4179335,NA
PRT,2003,33,4.7165932408705,4.095,10.958982,NA
PRT,2004,27.5,4.71747243620224,3.976,12.516933,NA
PRT,2005,27.5,4.73371987697551,3.976,12.844431,1.5260491171293
PRT,2006,27.5,4.72578902510076,3.976,13.480192,3.581731151074
PRT,2007,26.5,4.81955855633067,3.976,13.692096,1.2562442150207
PRT,2008,26.5,4.96603787492846,3.69,14.300379,0.83307054702911
PRT,2009,26.5,5.29001431435286,3.69,14.66682,0.54851494777993
PRT,2010,26.5,5.50670207494672,3.486,15.445285,0.63690612918686
PRT,2011,28.5,5.42441135814944,3.486,17.25703,2.4465518311547
PRT,2012,31.5,5.27803361764978,3.078,18.534111,3.7723864115726
PRT,2013,31.5,5.26358945093151,2.959,19.307142,3.6283658316449
PRT,2014,31.5,5.27827113985107,2.777,21.7169,1.9835276895566
PRT,2015,29.5,5.4693084086039,2.777,22.857506,4.6040756122364
PRT,2016,29.5,5.70534871043179,2.777,23.847389,2.7535043710044
PRT,2017,29.5,5.9150459632051,2.777,24.039421,3.0249544520424
PRT,2018,31.5,6.09875150731569,2.777,24.984337,2.8454453774551
PRT,2019,31.5,6.2877583632426,2.777,26.284128,3.2850390403047
PRT,2020,31.5,NA,NA,NA,NA
PRY,2000,30,NA,NA,NA,NA
PRY,2001,30,NA,NA,NA,NA
PRY,2002,30,NA,NA,NA,NA
PRY,2003,30,NA,NA,NA,NA
PRY,2004,30,NA,NA,NA,NA
PRY,2005,20,NA,NA,NA,NA
PRY,2006,10,NA,NA,NA,NA
PRY,2007,10,NA,NA,NA,NA
PRY,2008,10,NA,NA,NA,NA
PRY,2009,10,NA,NA,NA,NA
PRY,2010,10,NA,NA,NA,NA
PRY,2011,10,NA,NA,NA,NA
PRY,2012,10,NA,NA,NA,NA
PRY,2013,10,NA,NA,NA,NA
PRY,2014,10,NA,1.812,NA,NA
PRY,2015,10,NA,NA,NA,NA
PRY,2016,10,NA,NA,NA,NA
PRY,2017,10,NA,NA,NA,NA
PRY,2018,10,NA,NA,NA,NA
PRY,2019,10,NA,NA,NA,NA
PRY,2020,10,NA,NA,NA,NA
ROU,2000,25,NA,NA,NA,NA
ROU,2001,25,NA,NA,NA,NA
ROU,2002,25,NA,NA,NA,NA
ROU,2003,25,NA,NA,NA,NA
ROU,2004,25,NA,NA,NA,NA
ROU,2005,16,NA,NA,NA,NA
ROU,2006,16,NA,NA,NA,NA
ROU,2007,16,NA,NA,NA,NA
ROU,2008,16,NA,NA,NA,NA
ROU,2009,16,NA,NA,NA,NA
ROU,2010,16,NA,NA,NA,NA
ROU,2011,16,NA,NA,NA,NA
ROU,2012,16,NA,NA,NA,NA
ROU,2013,16,NA,NA,NA,NA
ROU,2014,16,NA,NA,NA,NA
ROU,2015,16,NA,NA,NA,NA
ROU,2016,16,NA,NA,NA,NA
ROU,2017,16,NA,NA,NA,NA
ROU,2018,16,NA,NA,NA,NA
ROU,2019,16,NA,NA,NA,NA
ROU,2020,16,NA,NA,NA,NA
RUS,2000,30,NA,NA,NA,NA
RUS,2001,35,0.258347900136057,NA,NA,NA
RUS,2002,24,0.356992118740466,NA,NA,NA
RUS,2003,24,0.382783339551592,NA,NA,NA
RUS,2004,24,0.424856923573155,NA,NA,NA
RUS,2005,24,0.46500313314361,NA,NA,1.7517157675135
RUS,2006,24,0.630281159908474,NA,NA,3.5213711547016
RUS,2007,24,1.20896550701461,NA,NA,3.9342350512392
RUS,2008,24,1.05946662343848,2.616,NA,4.2522443739997
RUS,2009,20,1.78648346631894,2.616,NA,2.1132546726214
RUS,2010,20,1.67196408954707,2.616,50.371468,1.9334490097698
RUS,2011,20,1.60019530458381,2.616,50.557613,1.8020228522774
RUS,2012,20,1.5625879946598,2.616,50.516804,1.3670275031189
RUS,2013,20,1.65229309959545,NA,51.261497,2.3292344065571
RUS,2014,20,1.63515582174912,NA,51.567863,1.4156658539085
RUS,2015,20,1.51977604095025,NA,52.42807,0.86968511502169
RUS,2016,20,1.4769227009614,NA,53.056892,2.9116860617206
RUS,2017,20,1.75646077832324,NA,56.70015,1.6487115034376
RUS,2018,20,2.36681270704499,NA,56.725521,0.79229364458071
RUS,2019,20,2.40973451320187,NA,NA,1.8869601675274
RUS,2020,20,NA,NA,NA,NA
SAU,2000,30,NA,NA,NA,NA
SAU,2001,30,NA,NA,NA,NA
SAU,2002,30,NA,NA,NA,NA
SAU,2003,30,NA,NA,NA,NA
SAU,2004,30,NA,NA,NA,NA
SAU,2005,20,NA,NA,NA,3.6887688709267
SAU,2006,20,NA,NA,NA,4.8665551522454
SAU,2007,20,NA,NA,NA,5.8538741775688
SAU,2008,20,NA,0.98,NA,7.5906337861193
SAU,2009,20,NA,0.98,NA,8.4963516872646
SAU,2010,20,NA,0.98,NA,5.5343246234323
SAU,2011,20,NA,0.98,NA,2.4295790962055
SAU,2012,20,NA,0.98,NA,1.6552704431365
SAU,2013,20,NA,NA,NA,1.1872668270369
SAU,2014,20,NA,NA,23.161575,1.0592693182863
SAU,2015,20,NA,NA,NA,1.2442917925767
SAU,2016,20,NA,NA,23.623922,1.1555469000316
SAU,2017,20,NA,NA,NA,0.20605173615907
SAU,2018,20,NA,NA,NA,0.53998597890103
SAU,2019,20,NA,NA,NA,0.57538016358314
SAU,2020,20,NA,NA,NA,NA
SEN,2000,35,NA,NA,NA,NA
SEN,2001,35,NA,NA,NA,NA
SEN,2002,35,NA,NA,NA,NA
SEN,2003,35,NA,NA,NA,NA
SEN,2004,33,NA,NA,NA,NA
SEN,2005,33,NA,NA,NA,NA
SEN,2006,25,NA,NA,NA,NA
SEN,2007,25,NA,NA,NA,NA
SEN,2008,25,NA,NA,NA,NA
SEN,2009,25,NA,NA,NA,NA
SEN,2010,25,NA,NA,NA,NA
SEN,2011,25,NA,NA,NA,NA
SEN,2012,30,NA,NA,NA,NA
SEN,2013,30,NA,NA,NA,NA
SEN,2014,30,NA,NA,NA,NA
SEN,2015,30,NA,NA,NA,NA
SEN,2016,30,NA,NA,NA,NA
SEN,2017,32.5,NA,NA,NA,NA
SEN,2018,30,NA,NA,NA,NA
SEN,2019,30,NA,NA,NA,NA
SEN,2020,30,NA,NA,NA,NA
SGP,2000,26,NA,NA,NA,NA
SGP,2001,25.5,NA,NA,NA,NA
SGP,2002,24.5,NA,NA,NA,NA
SGP,2003,22,NA,NA,NA,NA
SGP,2004,22,NA,NA,NA,NA
SGP,2005,20,NA,NA,NA,NA
SGP,2006,20,NA,NA,NA,NA
SGP,2007,20,NA,NA,NA,NA
SGP,2008,18,NA,NA,NA,NA
SGP,2009,18,NA,NA,NA,NA
SGP,2010,17,NA,NA,NA,NA
SGP,2011,17,NA,NA,NA,NA
SGP,2012,17,NA,NA,NA,NA
SGP,2013,17,NA,NA,NA,NA
SGP,2014,17,NA,NA,NA,NA
SGP,2015,17,NA,NA,NA,NA
SGP,2016,17,NA,NA,NA,NA
SGP,2017,17,NA,NA,NA,NA
SGP,2018,17,NA,NA,NA,NA
SGP,2019,17,NA,NA,NA,NA
SGP,2020,17,NA,NA,NA,NA
SLV,2014,NA,NA,1.198,NA,NA
SMR,2000,24,NA,NA,NA,NA
SMR,2001,24,NA,NA,NA,NA
SMR,2002,24,NA,NA,NA,NA
SMR,2003,24,NA,NA,NA,NA
SMR,2004,24,NA,NA,NA,NA
SMR,2005,19,NA,NA,NA,NA
SMR,2006,19,NA,NA,NA,NA
SMR,2007,17,NA,NA,NA,NA
SMR,2008,17,NA,NA,NA,NA
SMR,2009,17,NA,NA,NA,NA
SMR,2010,17,NA,NA,NA,NA
SMR,2011,17,NA,NA,NA,NA
SMR,2012,17,NA,NA,NA,NA
SMR,2013,17,NA,NA,NA,NA
SMR,2014,17,NA,NA,NA,NA
SMR,2015,17,NA,NA,NA,NA
SMR,2016,17,NA,NA,NA,NA
SMR,2017,17,NA,NA,NA,NA
SMR,2018,17,NA,NA,NA,NA
SMR,2019,17,NA,NA,NA,NA
SMR,2020,17,NA,NA,NA,NA
SRB,2000,20,NA,NA,NA,NA
SRB,2001,20,NA,NA,NA,NA
SRB,2002,20,NA,NA,NA,NA
SRB,2003,14,NA,NA,NA,NA
SRB,2004,10,NA,NA,NA,NA
SRB,2005,10,NA,NA,NA,NA
SRB,2006,10,NA,NA,NA,NA
SRB,2007,10,NA,NA,NA,NA
SRB,2008,10,NA,NA,NA,NA
SRB,2009,10,NA,NA,NA,NA
SRB,2010,10,NA,NA,NA,NA
SRB,2011,10,NA,NA,NA,NA
SRB,2012,10,NA,NA,NA,NA
SRB,2013,15,NA,NA,NA,NA
SRB,2014,15,NA,NA,NA,NA
SRB,2015,15,NA,2.251,NA,NA
SRB,2016,15,NA,NA,NA,NA
SRB,2017,15,NA,NA,NA,NA
SRB,2018,15,NA,NA,NA,NA
SRB,2019,15,NA,NA,NA,NA
SRB,2020,15,NA,NA,NA,NA
SVK,1998,NA,NA,3.384,NA,NA
SVK,1999,NA,NA,3.384,NA,NA
SVK,2000,29,NA,3.384,10.37334,NA
SVK,2001,29,1.38004982385761,3.384,10.942797,NA
SVK,2002,25,1.54917357678134,3.384,10.958904,NA
SVK,2003,25,1.84175766933939,3.265,11.784762,NA
SVK,2004,19,1.99904275955845,3.134,12.776853,NA
SVK,2005,19,2.1326505243682,3.134,14.004099,6.3393051128598
SVK,2006,19,2.28824437705802,3.134,14.567307,10.155560047824
SVK,2007,19,2.49626659315421,3.134,14.438412,5.2140909983147
SVK,2008,19,2.61296198267158,3.134,14.763523,5.0222541325035
SVK,2009,19,2.87172132464488,3.134,15.762831,-0.00777005411986
SVK,2010,19,2.99010795169149,3.134,17.327984,1.9602273394199
SVK,2011,19,3.0814347782703,3.134,18.617317,2.1644317193901
SVK,2012,19,3.17952655496607,2.664,18.979084,2.9937953856113
SVK,2013,23,3.17952655496607,2.755,19.87734,-0.61159930653794
SVK,2014,22,3.17952655496607,2.755,20.379578,-0.50555852808572
SVK,2015,22,3.17952655496607,2.755,21.149881,0.11991539094844
SVK,2016,22,3.17952655496607,2.755,21.979519,0.89755080510558
SVK,2017,21,3.17952655496607,2.755,23.095415,4.1978727779138
SVK,2018,21,3.17952655496607,2.755,24.58342,1.5530910479354
SVK,2019,21,3.17952655496607,2.755,25.786274,2.3227011906887
SVK,2020,21,NA,NA,NA,NA
SVN,2000,25,NA,NA,15.726464,NA
SVN,2001,25,5.04993966511372,NA,NA,NA
SVN,2002,25,5.23876989743012,NA,15.257369,NA
SVN,2003,25,5.41088651621563,NA,17.744364,NA
SVN,2004,25,5.58835758666692,NA,19.040981,NA
SVN,2005,25,5.72434731456899,NA,20.171976,1.5504014392392
SVN,2006,25,5.77359610250987,NA,21.387041,1.7899964856632
SVN,2007,23,5.70948671569679,NA,22.227602,1.5757767893511
SVN,2008,22,5.83884232874357,2.929,22.637665,2.1801046917487
SVN,2009,21,6.00622457246434,2.929,23.315817,-0.94234314770974
SVN,2010,20,7.0820980140868,2.929,23.716619,0.21979718160118
SVN,2011,20,7.29328660996633,2.895,25.09059,2.1093319664122
SVN,2012,18,7.27306967157325,2.895,26.439035,0.72852650734315
SVN,2013,17,7.33985448629082,2.895,27.880541,-0.31257242966383
SVN,2014,17,7.37226991063969,2.518,28.600916,2.0998867325716
SVN,2015,17,7.43038936628481,2.518,30.173296,3.8849541265694
SVN,2016,17,7.43447829527278,2.518,30.735788,2.7857580477204
SVN,2017,19,7.46163460735788,2.518,34.302807,1.8447281718169
SVN,2018,19,7.67879826431265,2.518,32.455208,2.560055290252
SVN,2019,19,7.94862754354327,2.518,33.283279,2.2823594331363
SVN,2020,19,NA,NA,NA,NA
SWE,1998,NA,NA,2.672,NA,NA
SWE,1999,NA,NA,2.638,NA,NA
SWE,2000,28,NA,2.638,30.122953,NA
SWE,2001,28,NA,2.638,31.602741,NA
SWE,2002,28,NA,2.604,32.56509,NA
SWE,2003,28,NA,2.604,33.419739,NA
SWE,2004,28,NA,2.604,34.529377,NA
SWE,2005,28,NA,2.604,29.645443,2.9644877107083
SWE,2006,28,NA,2.604,30.520433,6.5119875543243
SWE,2007,28,NA,2.604,31.328465,5.8724962684857
SWE,2008,28,NA,2.604,32.02702,7.1188898376989
SWE,2009,26.3,NA,2.604,33.060085,2.3124337364909
SWE,2010,26.3,NA,2.604,33.868935,0.02836786874862
SWE,2011,26.3,NA,2.604,35.174355,2.255000101005
SWE,2012,26.3,NA,2.604,35.698952,2.9591721373843
SWE,2013,22,NA,2.604,37.034386,0.70296422064122
SWE,2014,22,NA,2.604,38.700306,0.69282343469917
SWE,2015,22,NA,2.604,39.786552,1.6728157784533
SWE,2016,22,NA,2.604,41.139179,3.7143153252287
SWE,2017,22,NA,2.604,41.936691,2.939542009164
SWE,2018,22,NA,2.604,43.247318,0.75931253095089
SWE,2019,21.4,NA,2.604,43.970543,2.2100464135399
SWE,2020,21.4,NA,NA,NA,NA
SYC,2000,40,NA,NA,NA,NA
SYC,2001,40,NA,NA,NA,NA
SYC,2002,40,NA,NA,NA,NA
SYC,2003,40,NA,NA,NA,NA
SYC,2004,40,NA,NA,NA,NA
SYC,2005,40,NA,NA,NA,NA
SYC,2006,40,NA,NA,NA,NA
SYC,2007,40,NA,NA,NA,NA
SYC,2008,40,NA,NA,NA,NA
SYC,2009,40,NA,NA,NA,NA
SYC,2010,33,NA,NA,NA,NA
SYC,2011,33,NA,NA,NA,NA
SYC,2012,33,NA,NA,NA,NA
SYC,2013,30,NA,NA,NA,NA
SYC,2014,30,NA,NA,NA,NA
SYC,2015,30,NA,NA,NA,NA
SYC,2016,30,NA,NA,NA,NA
SYC,2017,30,NA,NA,NA,NA
SYC,2018,30,NA,NA,NA,NA
SYC,2019,30,NA,NA,NA,NA
SYC,2020,30,NA,NA,NA,NA
TCA,2000,0,NA,NA,NA,NA
TCA,2001,0,NA,NA,NA,NA
TCA,2002,0,NA,NA,NA,NA
TCA,2003,0,NA,NA,NA,NA
TCA,2004,0,NA,NA,NA,NA
TCA,2005,0,NA,NA,NA,NA
TCA,2006,0,NA,NA,NA,NA
TCA,2007,0,NA,NA,NA,NA
TCA,2008,0,NA,NA,NA,NA
TCA,2009,0,NA,NA,NA,NA
TCA,2010,0,NA,NA,NA,NA
TCA,2011,0,NA,NA,NA,NA
TCA,2012,0,NA,NA,NA,NA
TCA,2013,0,NA,NA,NA,NA
TCA,2014,0,NA,NA,NA,NA
TCA,2015,0,NA,NA,NA,NA
TCA,2016,0,NA,NA,NA,NA
TCA,2017,0,NA,NA,NA,NA
TCA,2018,0,NA,NA,NA,NA
TCA,2019,0,NA,NA,NA,NA
TCA,2020,0,NA,NA,NA,NA
THA,2000,30,NA,NA,NA,NA
THA,2001,30,NA,NA,NA,NA
THA,2002,30,NA,NA,NA,NA
THA,2003,30,NA,NA,NA,NA
THA,2004,30,NA,NA,NA,NA
THA,2005,30,NA,NA,NA,NA
THA,2006,30,NA,NA,NA,NA
THA,2007,30,NA,NA,NA,NA
THA,2008,30,NA,NA,NA,NA
THA,2009,30,NA,NA,NA,NA
THA,2010,30,NA,NA,NA,NA
THA,2011,30,NA,2.086,NA,NA
THA,2012,23,NA,2.086,NA,NA
THA,2013,20,NA,2.086,NA,NA
THA,2014,20,NA,2.086,NA,NA
THA,2015,20,NA,NA,NA,NA
THA,2016,20,NA,NA,NA,NA
THA,2017,20,NA,NA,NA,NA
THA,2018,20,NA,NA,NA,NA
THA,2019,20,NA,NA,NA,NA
THA,2020,20,NA,NA,NA,NA
TUN,2013,NA,NA,1.816,NA,NA
TUR,1998,NA,NA,2.935,NA,NA
TUR,1999,NA,NA,2.935,NA,NA
TUR,2000,33,NA,2.935,8.3461838,NA
TUR,2001,33,2.95704339080225,2.935,8.4432325,NA
TUR,2002,33,3.16892559421861,2.935,9.1408987,NA
TUR,2003,30,3.37267227437535,2.935,9.7044678,NA
TUR,2004,33,4.40041944510162,2.875,9.653903,NA
TUR,2005,30,4.58488635188267,2.875,10.23861,2.0005081541997
TUR,2006,20,4.54549444427048,2.875,10.919287,3.6533612643073
TUR,2007,20,4.51601483896385,2.875,11.290907,3.2625773191757
TUR,2008,20,4.44386966745801,2.875,12.040659,2.597200738065
TUR,2009,20,4.55770865465465,2.875,12.710275,1.3317167620715
TUR,2010,20,4.60120938477891,2.875,13.118464,1.1771308581888
TUR,2011,20,4.73931643798819,2.875,14.034094,1.9381504668269
TUR,2012,20,4.86789112332692,2.875,15.290227,1.5724824018075
TUR,2013,20,4.95762268130146,2.875,15.907355,1.4269784418248
TUR,2014,20,5.02092433473243,2.875,16.693634,1.3887579940135
TUR,2015,20,5.38649016823951,2.875,18.020138,2.2072305209782
TUR,2016,20,6.46371128046396,2.875,19.362528,1.5913886543392
TUR,2017,20,6.27640155319366,2.875,20.013071,1.2844373021947
TUR,2018,22,6.16012097345314,2.875,20.780222,1.6685924568123
TUR,2019,22,6.74117553449225,2.875,21.951159,1.190712526608
TUR,2020,22,NA,NA,NA,NA
URY,2000,30,NA,NA,NA,NA
URY,2001,30,NA,NA,NA,NA
URY,2002,35,NA,NA,NA,NA
URY,2003,35,NA,NA,NA,NA
URY,2004,30,NA,NA,NA,NA
URY,2005,30,NA,NA,NA,NA
URY,2006,30,NA,NA,NA,NA
URY,2007,30,NA,NA,NA,NA
URY,2008,25,NA,NA,NA,NA
URY,2009,25,NA,NA,NA,NA
URY,2010,25,NA,NA,NA,NA
URY,2011,25,NA,NA,NA,NA
URY,2012,25,NA,NA,NA,NA
URY,2013,25,NA,NA,NA,NA
URY,2014,25,NA,1.834,NA,NA
URY,2015,25,NA,NA,NA,NA
URY,2016,25,NA,NA,NA,NA
URY,2017,25,NA,NA,NA,NA
URY,2018,25,NA,NA,NA,NA
URY,2019,25,NA,NA,NA,NA
URY,2020,25,NA,NA,NA,NA
USA,1998,NA,NA,0.673,NA,NA
USA,1999,NA,NA,0.673,NA,NA
USA,2000,39.34,NA,0.673,36.494774,NA
USA,2001,39.271,7.4358190653238,0.673,37.520222,NA
USA,2002,39.297,7.31972589761409,0.673,38.133007,NA
USA,2003,39.323,7.15724953567385,0.673,38.42197,NA
USA,2004,39.316,6.97062929056738,0.673,39.052998,NA
USA,2005,39.29,6.7418938980158,0.673,39.054729,0.8948320030695
USA,2006,39.303,6.53120100450582,0.673,39.486282,1.7903365922264
USA,2007,39.271,6.73229104512705,0.673,40.270866,1.575679531908
USA,2008,39.251,7.31459080441086,0.673,41.10516,2.1644284297157
USA,2009,39.16,8.17485971339832,0.673,41.214626,1.0916862228987
USA,2010,39.206,8.50020417202655,0.673,41.662415,1.4043707959391
USA,2011,39.193,8.24007796552402,0.673,42.44838,1.5580101169806
USA,2012,39.134,8.07301995515997,0.673,43.052437,1.3055930642001
USA,2013,39.05,7.95647097015367,0.673,43.910252,1.2944648719253
USA,2014,39.076,7.82945967627817,0.673,44.224617,1.2094590037985
USA,2015,38.998,7.82018281740692,0.673,44.629398,2.652928033154
USA,2016,38.924,7.72275385179474,0.673,45.666355,2.5607579590906
USA,2017,38.906,7.56168171317743,0.673,46.3568,1.6117142830827
USA,2018,25.839,7.38138523045639,0.673,47.431145,1.1809899164369
USA,2019,25.886,7.25,0.673,48.340187,1.3159614889518
USA,2020,25.767,NA,NA,NA,NA
VCT,2000,40,NA,NA,NA,NA
VCT,2001,40,NA,NA,NA,NA
VCT,2002,40,NA,NA,NA,NA
VCT,2003,40,NA,NA,NA,NA
VCT,2004,40,NA,NA,NA,NA
VCT,2005,40,NA,NA,NA,NA
VCT,2006,40,NA,NA,NA,NA
VCT,2007,37.5,NA,NA,NA,NA
VCT,2008,35,NA,NA,NA,NA
VCT,2009,32.5,NA,NA,NA,NA
VCT,2010,32.5,NA,NA,NA,NA
VCT,2011,32.5,NA,NA,NA,NA
VCT,2012,32.5,NA,NA,NA,NA
VCT,2013,32.5,NA,NA,NA,NA
VCT,2014,32.5,NA,NA,NA,NA
VCT,2015,32.5,NA,NA,NA,NA
VCT,2016,32.5,NA,NA,NA,NA
VCT,2017,32.5,NA,NA,NA,NA
VCT,2018,30,NA,NA,NA,NA
VCT,2019,30,NA,NA,NA,NA
VCT,2020,30,NA,NA,NA,NA
VEN,2014,NA,NA,3.5,NA,NA
VGB,2000,15,NA,NA,NA,NA
VGB,2001,15,NA,NA,NA,NA
VGB,2002,15,NA,NA,NA,NA
VGB,2003,15,NA,NA,NA,NA
VGB,2004,15,NA,NA,NA,NA
VGB,2005,0,NA,NA,NA,NA
VGB,2006,0,NA,NA,NA,NA
VGB,2007,0,NA,NA,NA,NA
VGB,2008,0,NA,NA,NA,NA
VGB,2009,0,NA,NA,NA,NA
VGB,2010,0,NA,NA,NA,NA
VGB,2011,0,NA,NA,NA,NA
VGB,2012,0,NA,NA,NA,NA
VGB,2013,0,NA,NA,NA,NA
VGB,2014,0,NA,NA,NA,NA
VGB,2015,0,NA,NA,NA,NA
VGB,2016,0,NA,NA,NA,NA
VGB,2017,0,NA,NA,NA,NA
VGB,2018,0,NA,NA,NA,NA
VGB,2019,0,NA,NA,NA,NA
VGB,2020,0,NA,NA,NA,NA
VNM,2000,32.5,NA,NA,NA,NA
VNM,2001,32,NA,NA,NA,NA
VNM,2002,32,NA,NA,NA,NA
VNM,2003,32,NA,NA,NA,NA
VNM,2004,28,NA,NA,NA,NA
VNM,2005,28,NA,NA,NA,NA
VNM,2006,28,NA,NA,NA,NA
VNM,2007,28,NA,NA,NA,NA
VNM,2008,28,NA,NA,NA,NA
VNM,2009,25,NA,NA,NA,NA
VNM,2010,25,NA,NA,NA,NA
VNM,2011,25,NA,NA,NA,NA
VNM,2012,25,NA,NA,NA,NA
VNM,2013,25,NA,NA,NA,NA
VNM,2014,22,NA,NA,NA,NA
VNM,2015,22,NA,NA,NA,NA
VNM,2016,22,NA,NA,NA,NA
VNM,2017,20,NA,NA,NA,NA
VNM,2018,20,NA,NA,NA,NA
VNM,2019,20,NA,NA,NA,NA
VNM,2020,20,NA,NA,NA,NA
XKX,2011,NA,NA,2.083,NA,NA
XKX,2012,NA,NA,2.083,NA,NA
XKX,2013,NA,NA,2.083,NA,NA
XKX,2014,NA,NA,2.083,NA,NA
ZAF,2000,30,NA,NA,NA,NA
ZAF,2001,30,NA,NA,NA,NA
ZAF,2002,30,NA,NA,NA,NA
ZAF,2003,30,NA,NA,NA,NA
ZAF,2004,30,NA,NA,NA,NA
ZAF,2005,29,NA,NA,NA,2.5926067699348
ZAF,2006,29,NA,NA,NA,0.11139242937278
ZAF,2007,29,NA,NA,NA,2.2590646138531
ZAF,2008,28,NA,2.077,5.1217265,2.8495935075219
ZAF,2009,28,NA,2.077,5.0579209,2.9106902805159
ZAF,2010,28,NA,2.077,5.2690744,1.069574703701
ZAF,2011,28,NA,2.077,5.6500921,0.90888858638495
ZAF,2012,28,NA,2.077,5.5786242,1.1110187933691
ZAF,2013,28,NA,NA,6.4559345,2.2626413767791
ZAF,2014,28,NA,NA,6.4785309,1.6461650811889
ZAF,2015,28,NA,NA,6.9889388,0.5448317787455
ZAF,2016,28,NA,NA,6.9798017,0.75419971966208
ZAF,2017,28,NA,NA,7.4416285,0.57458862120056
ZAF,2018,28,NA,NA,7.1976118,1.4789189927305
ZAF,2019,28,NA,NA,NA,1.3158932158078
ZAF,2020,28,NA,NA,NA,NA
